GKA;01610;-6.082;145.392
MAG;00007;-5.207;145.789
HGU;01643;-5.826;144.296
LAE;00073;-6.570;146.726
POM;00045;-9.443;147.220
WWK;00006;-3.584;143.669
UAK;00035;61.161;-45.427
GOH;00087;64.191;-51.678
JAV;00034;69.233;-51.067
KUS;00034;65.583;-37.150
SFJ;00051;67.017;-50.689
THU;00077;76.531;-68.703
AEY;00002;65.660;-18.072
EGS;00024;65.283;-14.401
HFN;00008;64.296;-15.227
HZK;00014;65.952;-17.426
IFJ;00003;66.058;-23.135
KEF;00053;63.985;-22.606
OPA;00007;66.314;-16.461
PFJ;00004;65.556;-23.965
RKV;00015;64.130;-21.941
SIJ;00004;66.133;-18.917
VEY;00100;63.424;-20.279
YAM;00193;46.485;-84.509
YAV;00232;50.056;-97.032
YAW;00051;44.640;-63.499
YAY;00029;51.392;-56.084
YAZ;00025;49.082;-125.772
YBB;00018;68.534;-89.808
YBC;00022;49.132;-68.207
YBG;00160;48.331;-70.996
YBK;00018;64.299;-96.078
YBL;00106;49.951;-125.271
YBR;00410;49.910;-99.952
YCB;00028;69.108;-105.138
YCD;00029;49.052;-123.870
YCG;00495;49.296;-117.632
YCH;00033;47.008;-65.449
YCL;00041;47.991;-66.331
YCO;00023;67.817;-115.144
YCT;00791;52.075;-111.445
YCW;00010;49.153;-121.939
YCY;00027;70.486;-68.517
YZS;00811;50.332;-115.874
YDA;00371;64.043;-139.128
YDB;00807;61.371;-139.041
YDC;00701;49.468;-120.512
YDF;00022;49.211;-57.391
YDL;00793;58.422;-130.032
YDN;00305;51.101;-100.052
YDQ;00655;55.742;-120.182
YED;00000;53.667;-113.467
YEG;00724;53.310;-113.580
YEK;00010;61.094;-94.071
YEN;00581;49.210;-102.966
YET;00927;53.579;-116.465
YEU;00079;79.995;-85.813
YEV;00069;68.304;-133.483
YFB;00034;63.756;-68.556
YFC;00021;45.869;-66.532
YFO;00304;54.678;-101.682
YFR;00161;61.181;-113.690
YFS;00170;61.760;-121.237
YGK;00093;44.225;-76.597
YGL;00195;53.625;-77.704
YGP;00033;48.775;-64.479
YGQ;00349;49.778;-86.939
YGR;00011;47.425;-61.778
YGW;00020;55.283;-77.767
YGX;00144;56.350;-94.700
YHB;00359;52.817;-102.311
YHD;00413;49.832;-92.744
YHI;00036;70.763;-117.806
YHK;00047;68.636;-95.850
YHM;00238;43.173;-79.935
YHU;00028;45.517;-73.417
YHY;00166;60.840;-115.783
YHZ;00146;44.881;-63.509
YIB;00430;48.774;-91.639
YIO;00056;72.683;-77.967
YJN;00042;45.294;-73.281
YJT;00026;48.544;-58.550
YKA;00346;50.702;-120.442
YKF;00317;43.459;-80.384
YKL;00521;54.805;-66.805
YKY;00695;51.517;-109.181
YKZ;00199;43.862;-79.370
YLD;00447;47.820;-83.346
YLJ;00481;54.125;-108.523
YLL;00669;53.309;-110.072
YLT;00031;82.518;-62.281
YLW;00430;49.956;-119.378
YMA;00504;63.617;-135.867
YMJ;00577;50.330;-105.559
YMM;00370;56.653;-111.222
YMO;00010;51.291;-80.608
YMW;00201;46.274;-75.990
YMX;00083;45.680;-74.039
YNA;00011;50.190;-61.789
YND;00065;45.521;-75.564
YNM;00280;49.762;-77.803
YOC;00252;67.571;-139.839
YOD;00542;54.405;-110.279
YOJ;00339;58.621;-117.165
YOW;00114;45.323;-75.669
YPA;00429;53.214;-105.673
YPE;00571;56.227;-117.447
YPG;00270;49.903;-98.275
YPL;00387;51.446;-90.214
YPN;00051;49.836;-64.289
YPQ;00192;44.230;-78.363
YPR;00036;54.286;-130.445
YPY;00232;58.767;-111.117
YQA;00282;44.975;-79.303
YQB;00075;46.788;-71.398
YQF;00905;52.179;-113.893
YQG;00190;42.276;-82.956
YQH;00688;60.118;-128.822
YQK;00406;49.788;-94.363
YQL;00929;49.630;-112.800
YQM;00071;46.112;-64.679
YQQ;00026;49.711;-124.887
YQR;00578;50.432;-104.666
YQT;00200;48.372;-89.324
YQU;00670;55.180;-118.885
YQV;00499;51.265;-102.462
YQW;00549;52.769;-108.244
YQX;00152;48.937;-54.568
YQY;00062;46.161;-60.048
YQZ;00546;53.026;-122.510
YRB;00066;74.717;-94.969
YRI;00131;47.764;-69.585
YRJ;00179;48.520;-72.266
YRM;00989;52.430;-114.904
YRT;00029;62.811;-92.116
YSB;00348;46.625;-80.799
YSC;00242;45.438;-71.691
YSJ;00109;45.316;-65.890
YSM;00206;60.022;-111.960
YSR;00642;72.982;-84.614
YSU;00018;46.443;-63.831
YSY;00086;71.994;-125.243
YTE;00050;64.230;-76.527
YTH;00223;55.801;-97.864
YTR;00087;44.119;-77.528
YTS;00295;48.570;-81.377
YTZ;00077;43.627;-79.396
YUB;00005;69.433;-133.026
YUL;00036;45.468;-73.741
YUT;00025;66.521;-86.225
YUX;00009;68.776;-81.244
YUY;00302;48.206;-78.836
YVC;00379;55.151;-105.262
YVG;00618;53.356;-110.824
YVM;00007;67.546;-64.031
YVO;00338;48.053;-77.783
YVP;00040;58.096;-68.427
YVQ;00074;65.282;-126.800
YVR;00005;49.195;-123.182
YVT;00441;55.842;-108.418
YVV;00223;44.746;-81.107
YWA;00131;45.952;-77.319
YWG;00239;49.910;-97.234
YWK;00552;52.922;-66.864
YWL;00941;52.183;-122.054
YWY;00151;63.209;-123.437
YXC;00940;49.610;-115.782
YXD;00671;53.573;-113.521
YXE;00504;52.171;-106.700
YXH;00717;50.019;-110.721
YXJ;00695;56.238;-120.740
YXL;00391;50.114;-91.904
YXP;00023;66.145;-65.714
YXR;00244;47.695;-79.849
YXS;00691;53.889;-122.679
YXT;00218;54.466;-128.577
YXU;00278;43.036;-81.154
YXX;00058;49.025;-122.363
YXY;00707;60.709;-135.068
YYB;00371;46.364;-79.423
YYC;01085;51.114;-114.020
YYD;00522;54.825;-127.183
YYE;00382;58.836;-122.597
YYF;00345;49.463;-119.602
YYG;00049;46.290;-63.121
YYH;00029;69.547;-93.577
YYJ;00020;48.647;-123.426
YYL;00357;56.864;-101.076
YYN;00817;50.292;-107.691
YYQ;00029;58.739;-94.065
YYR;00049;53.319;-60.426
YYT;00141;47.619;-52.752
YYU;00227;49.414;-82.468
YYW;00323;50.290;-88.910
YYY;00053;48.609;-68.208
YYZ;00174;43.677;-79.631
YZD;00199;43.742;-79.466
YZE;00194;45.885;-82.568
YZF;00206;62.463;-114.440
YZH;00583;55.293;-114.778
YZP;00007;53.254;-131.814
YZR;00182;42.999;-82.309
YZT;00022;50.681;-127.367
YZU;00783;54.144;-115.787
YZV;00055;50.223;-66.266
YZW;00706;60.173;-132.743
YZX;00029;44.984;-64.917
ZFA;00717;62.208;-133.376
ZFM;00044;67.408;-134.860
BJA;00007;36.712;5.070
ALG;00025;36.691;3.215
DJG;00969;24.293;9.452
VVZ;00542;26.573;8.484
GSF;01025;36.178;5.324
TMR;01378;22.811;5.451
GJL;00011;36.795;5.873
AAE;00005;36.822;7.809
CZL;00691;36.277;6.624
TEE;00812;35.431;8.121
HRM;00775;32.930;3.312
TID;00990;35.341;1.463
TIN;00443;27.700;-8.167
QAS;00142;36.213;1.332
TAF;00112;35.542;-0.532
TLM;00249;35.017;-1.450
ORN;00090;35.624;-0.621
MUW;00514;35.208;0.147
AZR;00281;27.837;-0.186
BSK;00089;34.793;5.738
ELG;00399;30.571;2.859
GHA;00461;32.384;3.794
HME;00142;31.673;6.140
INZ;00270;27.251;2.512
TGR;00086;33.068;6.089
LOO;00766;33.764;2.927
TMX;00314;29.237;0.276
OGX;00150;31.917;5.413
IAM;00563;28.051;9.643
COO;00006;6.357;2.384
PKO;00386;9.357;2.609
OUA;00317;12.353;-1.512
BOY;00461;11.160;-4.331
ACC;00063;5.603;-0.168
TML;00169;9.563;-0.863
NYI;00310;7.362;-2.329
TKD;00007;4.893;-1.775
ABJ;00007;5.260;-3.926
BYK;00375;7.739;-5.074
DJO;00251;6.792;-6.473
HGO;00370;9.387;-5.556
MJC;00332;7.272;-7.587
SPY;00008;4.747;-6.661
ASK;00214;6.903;-5.366
ABV;00343;9.007;7.263
AKR;00336;7.247;5.301
BNI;00079;6.317;5.599
CBQ;00065;4.976;8.347
ENU;00143;6.474;7.562
QUS;00464;12.172;6.696
IBA;00221;7.362;3.978
ILR;00343;8.440;4.494
JOS;01290;9.640;8.869
KAD;00632;10.696;7.320
KAN;00478;12.047;8.524
MIU;00336;11.855;13.081
MDI;00114;7.704;8.614
LOS;00042;6.577;3.321
MXJ;00255;9.652;6.462
PHC;00025;5.015;6.949
SKO;00307;12.916;5.207
YOL;00183;9.260;12.430
ZAR;00656;11.130;7.686
MFG;00378;13.502;7.127
NIM;00224;13.481;2.184
THZ;00386;14.876;5.265
AJY;00506;16.965;7.997
ZND;00460;13.779;8.984
MIR;00003;35.758;10.755
TUN;00007;36.851;10.227
GAF;00324;34.422;8.822
GAE;00008;33.877;10.103
DJE;00006;33.875;10.775
EBM;00253;31.704;9.254
SFA;00026;34.718;10.691
TOE;00088;33.940;8.111
LRL;00462;9.767;1.091
LFW;00022;6.166;1.254
ANR;00012;51.190;4.463
BRU;00057;50.902;4.499
CRL;00188;50.459;4.454
QKT;00019;50.818;3.208
LGG;00201;50.637;5.443
OST;00004;51.199;2.862
BBJ;00174;51.193;14.520
AOC;00196;50.982;12.506
GWW;00041;35.461;-77.965
SXF;00048;52.380;13.523
DRS;00231;51.133;13.767
ERF;00316;50.980;10.958
FRA;00111;50.026;8.543
FMO;00049;52.134;7.685
HAM;00017;53.630;9.988
THF;00050;52.473;13.404
CGN;00093;50.866;7.143
DUS;00045;51.289;6.767
MUC;00454;48.354;11.786
NUE;00319;49.499;11.078
LEJ;00142;51.424;12.236
SCN;00323;49.214;7.109
STR;00389;48.690;9.222
TXL;00038;52.559;13.287
HAJ;00056;52.461;9.685
BRE;00005;53.047;8.787
HHN;00503;49.950;7.264
MHG;00095;49.473;8.514
XFW;00006;53.535;9.835
KEL;00031;54.379;10.145
LBC;00017;53.805;10.719
AAH;00190;50.823;6.187
ZCA;00243;51.483;7.899
ESS;00130;51.401;6.936
MGL;00039;51.230;6.504
PAD;00214;51.614;8.616
DTM;00130;51.518;7.612
AGB;00462;48.425;10.932
OBF;00594;48.081;11.283
FDH;00417;47.671;9.511
SZW;00051;53.427;11.783
BYU;00488;49.984;11.638
HOQ;00597;50.289;11.855
ZNV;00196;50.325;7.531
ZQF;00203;49.863;6.789
ZQC;00096;49.302;8.451
ZCC;00124;48.791;8.187
ZQL;00681;47.973;8.522
BWE;00091;52.319;10.556
KSF;00277;51.408;9.378
BRV;00004;53.503;8.573
LEM;00007;53.143;8.623
EME;00001;53.391;7.227
WVN;00005;53.505;8.053
BMK;00001;53.595;6.709
NRD;00002;53.707;7.230
GWT;00016;54.913;8.340
TLL;00041;59.413;24.833
ENF;00307;68.362;23.424
KEV;00146;61.856;24.786
HEM;00018;60.254;25.043
HEL;00055;60.320;24.956
IVL;00147;68.607;27.405
JOE;00122;62.659;29.624
JYV;00140;62.399;25.678
KAU;00047;63.127;23.051
KEM;00019;65.782;24.599
KAJ;00148;64.285;27.692
KOK;00026;63.721;23.143
KAO;00264;65.987;29.239
KTT;00197;67.701;24.847
KUO;00099;63.007;27.798
LPP;00107;61.044;28.144
MHQ;00006;60.122;19.898
MIK;00101;61.686;27.202
OUL;00015;64.930;25.354
POR;00014;61.462;21.800
RVN;00197;66.565;25.830
SVL;00095;61.943;28.945
SOT;00184;67.395;26.619
TMP;00119;61.414;23.604
TKU;00050;60.514;22.263
QVY;00104;60.896;26.938
VAA;00006;63.051;21.761
VRK;00088;62.171;27.869
BFS;00082;54.657;-6.216
ENK;00048;54.399;-7.652
BHD;00005;54.618;-5.873
LDY;00007;55.043;-7.161
BHX;00100;52.454;-1.748
CVT;00086;52.370;-1.480
GLO;00029;51.894;-2.167
MAN;00079;53.354;-2.275
NQY;00119;50.441;-4.995
LYE;00157;51.505;-1.993
YEO;00023;51.009;-2.639
CWL;00068;51.397;-3.343
SWS;00092;51.605;-4.068
BRS;00190;51.383;-2.719
LPL;00025;53.334;-2.850
LTN;00161;51.874;-0.368
PLH;00148;50.423;-4.106
BOH;00012;50.780;-1.843
SOU;00014;50.950;-1.357
QLA;00189;51.185;-1.032
GCI;00103;49.435;-2.602
JER;00084;49.208;-2.195
ESH;00003;50.836;-0.297
BQH;00183;51.331;0.033
LGW;00060;51.148;-0.190
LCY;00006;51.505;0.054
FAB;00073;51.276;-0.776
BBS;00100;51.324;-0.848
LHR;00025;51.477;-0.461
SEN;00015;51.571;0.696
LYX;00004;50.956;0.939
MSE;00055;51.342;1.346
CAX;00058;54.938;-2.809
BLK;00011;53.772;-3.029
HUY;00037;53.574;-0.351
BWF;00015;54.130;-3.256
LBA;00208;53.866;-1.661
CEG;00011;53.178;-2.978
IOM;00017;54.083;-4.624
NCL;00082;55.038;-1.692
MME;00037;54.509;-1.429
EMA;00094;52.831;-1.328
KOI;00016;58.958;-2.905
LSI;00007;59.879;-1.296
WIC;00039;58.459;-3.093
ABZ;00066;57.204;-2.200
INV;00010;57.540;-4.050
GLA;00008;55.872;-4.433
EDI;00042;55.950;-3.373
ILY;00017;55.682;-6.257
PIK;00020;55.508;-4.587
BEB;00006;57.481;-7.363
SDZ;00023;60.432;-1.298
DND;00006;56.453;-3.026
SYY;00008;58.214;-6.329
TRE;00012;56.499;-6.869
ADX;00012;56.373;-2.868
LMO;00013;57.705;-3.339
CBG;00016;52.205;0.175
NWI;00036;52.676;1.283
STN;00107;51.885;0.235
EXT;00031;50.734;-3.414
FZO;00069;51.519;-2.591
HTF;00024;51.767;0.250
OXF;00083;51.837;-1.320
MHZ;00011;52.361;0.488
FFD;00088;51.682;-1.790
BZZ;00088;51.750;-1.584
ODH;00124;51.234;-0.943
NHT;00038;51.553;-0.418
QCY;00008;53.093;-0.166
BEQ;00054;52.343;0.773
WTN;00071;53.166;-0.524
CLF;00021;52.755;1.357
KNF;00023;52.648;0.550
MPN;00075;-51.823;-58.447
AMS;-0003;52.309;4.764
MST;00115;50.911;5.770
EIN;00023;51.450;5.374
GRQ;00006;53.119;6.579
DHR;00001;52.923;4.781
LWR;00002;53.229;5.761
RTM;-0004;51.957;4.442
UTC;00021;52.127;5.276
ENS;00035;52.270;6.874
LID;00000;52.170;4.426
WOE;00020;51.449;4.342
ORK;00154;51.843;-8.492
GWY;00025;53.301;-8.939
DUB;00074;53.421;-6.270
NOC;00203;53.910;-8.818
KIR;00035;52.181;-9.524
SNN;00015;52.702;-8.925
SXL;00004;54.280;-8.599
WAT;00037;52.187;-7.087
AAR;00025;56.304;10.619
BLL;00076;55.740;9.152
CPH;00006;55.618;12.656
EBJ;00030;55.526;8.553
KRP;00052;56.297;9.124
ODE;00018;55.476;10.329
RKE;00045;55.586;12.131
RNN;00016;55.063;14.759
SGD;00008;54.964;9.792
SKS;00043;55.225;9.264
TED;00008;57.069;8.705
FAE;00086;62.064;-7.277
STA;00006;55.990;8.354
AAL;00004;57.093;9.849
LUX;00377;49.626;6.211
AES;00022;62.560;6.110
ANX;00014;69.293;16.144
ALF;00003;69.977;23.366
BNN;00008;65.459;12.214
BOO;00013;67.269;14.363
BGO;00051;60.293;5.218
BJF;00150;70.600;29.692
KRS;00018;58.204;8.085
BDU;00077;69.056;18.540
EVE;00026;68.491;16.678
FBU;00017;59.896;10.617
VDB;00823;61.011;9.293
FRO;00012;61.584;5.025
OSL;00208;60.194;11.100
HMR;00223;60.818;11.067
HAU;00024;59.345;5.208
HAA;00007;70.487;22.140
KSU;00063;63.112;7.824
KKN;00087;69.725;29.887
FAN;00009;58.100;6.625
MOL;00004;62.746;7.272
MJF;00073;65.784;13.215
LKL;00008;70.069;24.973
OLA;00009;63.699;9.604
RRS;00627;62.578;11.342
LYR;00027;78.246;15.466
SOG;00499;61.156;7.136
SKE;00142;59.185;9.567
SRP;00049;59.792;5.341
SOJ;00001;69.787;20.959
SSJ;00018;65.957;12.469
TOS;00010;69.683;18.919
TRF;00088;59.187;10.259
TRD;00018;63.458;10.940
SVG;00009;58.877;5.638
GDN;00149;54.377;18.466
KRK;00242;50.078;19.785
KTW;00304;50.474;19.080
POZ;00094;52.421;16.826
RZE;00211;50.110;22.019
SZZ;00047;53.585;14.902
OSP;00067;54.479;17.108
WAW;00111;52.166;20.967
WRO;00124;51.102;16.886
IEG;00060;52.139;15.799
AGH;00021;56.296;12.847
RNB;00059;56.267;15.265
GOT;00155;57.663;12.280
JKG;00226;57.758;14.069
LDK;00061;58.465;13.174
GSE;00018;57.775;11.870
KVB;00099;58.456;13.973
THN;00042;58.318;12.345
KSK;00122;59.346;14.496
MXX;00194;60.958;14.511
NYO;00043;58.789;16.912
KID;00024;55.922;14.085
JLD;00060;55.945;12.861
OSK;00030;57.350;16.498
KLR;00006;56.685;16.288
MMX;00072;55.530;13.371
HAD;00031;56.691;12.820
VXO;00186;56.929;14.728
EVG;00360;62.048;14.423
GEV;00314;67.132;20.814
HUV;00029;61.768;17.081
KRF;00011;63.048;17.769
LYC;00212;64.548;18.716
SDL;00005;62.528;17.444
OER;00108;63.408;18.990
KRN;00460;67.822;20.337
SFT;00048;64.625;21.077
UME;00008;63.792;20.282
VHM;00348;64.579;16.833
AJR;00380;65.590;19.282
ORB;00058;59.224;15.038
VST;00007;59.589;16.634
LLA;00020;65.544;22.122
OSD;00376;63.194;14.502
ARN;00038;59.652;17.919
BMA;00015;59.354;17.941
BLE;00154;60.422;15.515
HLF;00112;57.526;15.824
GVX;00069;60.593;16.951
LPI;00053;58.406;15.680
NRK;00010;58.586;16.251
VBY;00051;57.663;18.346
SPM;00365;49.973;6.692
RMS;00239;49.438;7.601
GHF;00299;49.648;9.966
ZCN;00040;52.591;10.022
ZNF;00113;50.169;8.961
QHD;00110;49.393;8.652
GKE;00091;50.961;6.042
RLG;00043;53.918;12.279
FEL;00520;48.206;11.267
LRC;00033;51.602;6.143
GUT;00072;51.923;8.306
BGN;00074;51.200;6.132
ALJ;00030;-28.575;16.533
AGZ;00808;-29.282;18.814
VIY;00595;-32.897;27.279
BFN;01359;-29.092;26.302
CPT;00047;-33.965;18.602
DUR;00011;-29.970;30.950
ELS;00133;-33.036;27.826
ELL;00900;-23.726;27.688
GCJ;01624;-25.986;28.140
GRJ;00198;-34.005;22.379
HCS;01698;-26.242;28.151
GHC;01561;-26.506;28.394
HDS;00532;-24.369;31.049
JNB;01695;-26.139;28.246
KIM;01204;-28.803;24.765
KLZ;00079;-29.688;17.094
HLA;01377;-25.938;27.926
LCD;00936;-23.160;29.696
LAY;01082;-28.582;29.750
MGH;00151;-30.857;30.343
MFK;01265;-25.753;25.612
MBO;01275;-25.798;25.548
MEZ;00574;-22.356;29.986
NCS;01242;-27.771;29.977
NLP;00885;-25.501;30.913
DUH;00325;-33.607;22.189
PLZ;00069;-33.985;25.617
PHW;00437;-23.937;31.155
PTG;01328;-23.926;29.484
PZB;00739;-29.649;30.399
NTY;01040;-25.334;27.173
UTW;01109;-31.920;26.882
RCB;00034;-28.741;32.092
SBU;00820;-29.689;17.939
SIS;01173;-27.648;22.999
SZK;00311;-24.961;31.589
THY;00616;-23.079;30.383
TCU;01503;-29.319;26.823
LTA;00584;-23.824;30.329
ULD;00525;-28.321;31.416
UTN;00851;-28.401;21.261
UTT;00732;-31.548;28.674
VRU;01195;-26.982;24.729
VIR;00007;-29.771;31.058
VYD;01159;-27.787;30.795
PRY;01249;-25.654;28.224
WEL;01341;-27.998;26.669
FRW;01001;-21.159;27.474
JWA;01189;-24.602;24.691
BBK;01003;-17.833;25.162
MUB;00943;-19.972;23.431
ORP;00945;-21.266;25.320
GBE;01006;-24.555;25.918
PKW;00892;-22.058;27.829
BZV;00320;-4.252;15.253
ION;00335;1.589;18.047
MKJ;00393;-0.021;15.575
FTX;00371;-0.531;15.950
OUE;00353;1.616;16.038
KMK;00151;-3.483;12.617
DIS;00329;-4.208;12.661
PNR;00017;-4.813;11.886
MTS;00633;-26.529;31.308
BGF;00369;4.398;18.519
BGU;00520;4.784;22.781
IRO;00517;10.236;22.717
BBY;00473;5.847;20.649
NDL;00498;8.427;20.635
BOP;01025;5.958;15.637
BIV;00602;6.528;21.989
BBT;00588;4.221;15.786
AIG;00464;45.154;-89.111
BSG;00011;1.905;9.806
SSG;00024;3.755;8.709
MRU;00057;-20.430;57.683
RRG;00029;-19.758;63.362
TKC;00047;4.089;9.360
DLA;00011;4.006;9.719
OUR;00656;4.473;14.364
MVR;00424;10.451;14.257
FOM;01208;5.637;10.751
NGE;01115;7.357;13.559
GOU;00243;9.336;13.370
BFX;01325;5.537;10.354
BPC;01240;6.039;10.123
YAO;00752;3.835;11.524
LVI;00991;-17.822;25.822
LUN;01152;-15.331;28.453
MFU;00574;-13.259;31.936
NLA;01271;-12.998;28.665
KIW;01264;-12.900;28.150
HAH;00028;-11.534;43.272
NWA;00015;-12.298;43.766
YVA;00011;-11.711;43.244
AJN;00019;-12.132;44.430
DZA;00008;-12.805;45.281
RUN;00021;-20.887;55.510
ZSE;00016;-21.321;55.425
TNR;01280;-18.797;47.479
ZVA;00062;-19.563;45.451
SMS;00003;-17.094;49.816
TMM;00007;-18.109;49.392
MOQ;00010;-20.285;44.318
DIE;00114;-12.349;49.292
WMR;00003;-16.164;49.774
ZWA;00474;-14.652;49.621
AMB;00022;-13.188;48.988
ANM;00007;-14.999;50.320
HVA;00106;-14.629;47.764
MJN;00027;-15.667;46.352
NOS;00012;-13.312;48.314
BPY;00039;-16.742;44.481
WMN;00004;-15.437;49.688
SVB;00007;-14.279;50.175
VOH;00006;-13.376;50.003
WAI;00029;-14.899;47.994
FTU;00009;-25.038;46.956
WFI;01115;-21.441;47.112
RVA;00008;-22.805;47.821
WVK;00011;-22.120;48.022
MNJ;00007;-21.202;48.358
MXM;00005;-21.754;43.375
TLE;00009;-23.383;43.728
SSY;00567;-6.270;14.247
BUG;00036;-12.609;13.404
CAB;00021;-5.597;12.188
PGI;00762;-7.357;20.804
CAV;01128;-11.894;22.916
NGV;01087;-17.045;15.687
NOV;01703;-12.809;15.760
SVP;01713;-12.404;16.947
LAD;00075;-8.858;13.231
MEG;01179;-9.525;16.312
SPP;01363;-14.658;17.720
GXG;01252;-7.754;15.287
PBN;00005;-10.722;13.765
VHC;01093;-9.689;20.432
SZA;00005;-6.141;12.372
LUO;01329;-11.768;19.898
UGO;00830;-7.603;15.028
XGN;01108;-16.755;14.965
OYE;00658;1.541;11.581
OKN;00404;-0.665;13.673
LBQ;00025;-0.704;10.246
BMM;00601;2.076;11.493
MFF;00573;-1.537;13.269
POG;00004;-0.712;8.754
OMB;00011;-1.575;9.263
MKU;00527;0.579;12.891
LBV;00012;0.458;9.412
MZC;00584;0.776;11.553
MVB;00442;-1.656;13.438
LTL;00484;-0.826;12.747
TCH;00082;-2.889;10.919
PCP;00181;1.663;7.412
TMS;00011;0.378;6.712
BEW;00011;-19.796;34.907
FXO;00586;-14.820;36.532
INH;00010;-23.876;35.408
VXC;01374;-13.274;35.266
MPM;00045;-25.921;32.573
MZB;00028;-11.362;40.355
MNC;00125;-14.488;40.712
APL;00441;-15.106;39.282
POL;00101;-12.987;40.522
UEL;00011;-17.856;36.869
TET;00161;-16.105;33.640
VNX;00015;-22.018;35.313
DES;00004;-5.696;53.654
SEZ;00004;-4.674;55.522
PRI;00004;-4.319;55.691
SRH;00366;9.151;18.379
AEH;00545;13.847;20.844
MQQ;00428;8.620;16.068
NDJ;00296;12.134;15.034
PLF;00467;9.379;14.926
FYT;00236;17.917;19.111
BUQ;01329;-20.017;28.618
BFO;00434;-21.008;31.578
VFA;01064;-18.096;25.839
UTA;01020;-18.977;32.451
HRE;01490;-17.932;31.093
KAB;00520;-16.520;28.885
MVZ;01096;-20.055;30.859
GWE;01427;-19.437;29.862
WKM;01080;-18.630;27.021
BLZ;00779;-15.679;34.974
KGJ;00538;-9.953;33.893
ZZU;01255;-11.445;34.012
MSU;01631;-29.462;27.553
FIH;00314;-4.386;15.444
NLO;00279;-4.325;15.328
MNB;00028;-5.931;12.352
MAT;00340;-5.799;13.441
FDU;00325;-3.311;17.382
KKW;00480;-5.036;18.786
MDK;00317;0.022;18.289
BDT;00460;4.253;20.975
GMA;00421;3.235;19.771
LIQ;00460;2.171;21.497
FKI;00393;0.518;25.155
IRP;00744;2.827;27.588
BUX;01233;1.566;30.221
BKY;01720;-2.309;28.809
GOM;01552;-1.671;29.238
KND;00497;-2.919;25.915
FBM;01310;-11.591;27.531
KWZ;01527;-10.766;25.506
FMI;00784;-5.876;29.250
KMN;01080;-8.642;25.253
KGA;00652;-5.900;22.469
MJM;00677;-6.121;23.569
BKO;00381;12.533;-7.950
GAQ;00265;16.248;-0.005
KYS;00050;14.431;-11.439
MZI;00277;14.513;-4.079
NIX;00238;15.239;-9.576
TOM;00264;16.730;-3.007
BJL;00029;13.338;-16.652
FUE;00022;28.453;-13.864
VDE;00032;27.815;-17.887
SPC;00033;28.626;-17.756
LPA;00024;27.932;-15.386
ACE;00015;28.945;-13.605
TFS;00064;28.044;-16.572
TFN;00632;28.482;-16.341
MLN;00048;35.280;-2.956
HGS;00019;8.394;-13.128
FNA;00026;8.616;-13.195
BXO;00040;11.895;-15.654
MLW;00008;6.289;-10.759
ROB;00010;6.234;-10.362
AGA;00028;30.381;-9.546
TTA;00200;28.448;-11.161
FEZ;00580;33.927;-4.978
ERH;01045;31.949;-4.401
MEK;00577;33.879;-5.515
OUD;00468;34.787;-1.924
CAS;00062;33.553;-7.661
RBA;00085;34.051;-6.751
SII;00058;29.369;-10.180
CMN;00200;33.368;-7.588
RAK;00468;31.607;-8.036
NNA;00005;34.299;-6.596
OZZ;01154;30.939;-6.909
AHU;00028;35.177;-3.839
TTU;00004;35.594;-5.320
TNG;00019;35.727;-5.917
ZIG;00023;12.556;-16.282
KDA;00001;12.880;-14.955
CSK;00016;12.410;-16.746
KLC;00008;14.147;-16.051
DKR;00026;14.739;-17.490
XLS;00003;16.050;-16.461
BXE;00030;14.847;-12.468
KGG;00179;12.572;-12.220
TUD;00050;13.737;-13.653
IEO;00290;16.711;-9.638
TIY;00041;18.570;-11.423
KFA;00129;16.590;-11.406
EMN;00232;16.622;-7.314
KED;00023;16.159;-13.508
NKC;00003;18.098;-15.948
SEY;00080;15.179;-12.207
ATR;00232;20.507;-13.043
NDB;00005;20.928;-17.031
FIG;00152;10.351;-13.569
FAA;00450;10.036;-10.770
LEK;01036;11.326;-12.287
MCA;00516;8.481;-9.526
NZE;00506;7.806;-8.702
SID;00054;16.741;-22.949
BVC;00022;16.137;-22.889
RAI;00071;14.924;-23.493
MMO;00011;15.156;-23.214
SNE;00204;16.588;-24.284
VXE;00021;16.834;-25.057
ADD;02323;8.977;38.800
BJR;01829;11.608;37.321
DIR;01143;9.625;41.854
GMB;00485;8.128;34.563
GDQ;00197;12.518;37.432
JIM;01683;7.666;36.816
LLI;01982;11.975;38.980
MQX;02232;13.467;39.533
BJM;00787;-3.324;29.318
HGA;01349;9.518;44.089
BBO;00010;10.389;44.941
KMU;00015;-0.377;42.459
MGQ;00010;2.014;45.305
ALY;-0001;31.184;29.949
ABS;00188;22.376;31.612
CAI;00117;30.122;31.406
HRG;00016;27.184;33.798
LXR;00090;25.671;32.706
MUH;00029;31.325;27.222
PSD;00003;31.279;32.240
SKV;01332;28.685;34.063
ASW;00202;23.964;32.820
ELT;00036;28.209;33.645
EDL;02116;0.404;35.238
GAS;00145;-0.463;39.648
KIS;01209;-0.086;34.729
KTL;01851;0.972;34.958
LOK;00523;3.122;35.609
LAU;00007;-2.252;40.913
LOY;00365;2.763;36.718
NDE;00246;3.934;41.844
RBT;01340;2.345;37.999
MYD;00025;-3.229;40.102
MBA;00061;-4.035;39.594
OYL;00851;3.470;39.101
NYE;01777;-0.369;36.980
WIL;01688;-1.322;36.815
NYK;01905;-0.061;37.039
WJR;00235;1.733;40.091
GHT;00700;25.146;10.143
AKF;00417;24.179;23.314
BEN;00132;32.097;20.269
SEB;00435;26.987;14.473
TIP;00081;32.663;13.159
LTD;00342;30.152;9.715
GYI;01554;-1.677;29.259
KGL;01492;-1.969;30.139
KME;01592;-2.462;28.908
DOG;00236;19.154;30.430
ELF;00733;13.615;25.325
KSL;00509;15.386;36.328
UYL;00656;12.054;24.955
EBD;00574;13.153;30.232
JUB;00460;4.872;31.601
MAK;00388;9.559;31.652
PZU;00004;19.576;37.216
KRT;00385;15.589;32.553
WUU;00433;7.726;27.979
ARK;01387;-3.368;36.633
DAR;00056;-6.878;39.203
DOD;01109;-6.170;35.752
IRI;01426;-7.669;35.752
JRO;00894;-3.429;37.074
QSI;00854;-3.363;37.323
MYW;00114;-10.339;40.182
MWZ;01147;-2.444;32.932
PMA;00025;-5.257;39.811
TGT;00040;-5.092;39.071
ZNZ;00017;-6.222;39.225
EBB;01153;0.042;32.443
SRT;01127;1.728;33.623
ABI;00546;32.411;-99.682
ACK;00015;41.253;-70.060
ACT;00158;31.611;-97.230
ACY;00023;39.458;-74.577
ADM;00233;34.303;-97.019
ADW;00086;38.811;-76.867
AEX;00028;31.327;-92.548
AGS;00044;33.370;-81.964
AKR;00326;41.038;-81.467
ALB;00087;42.748;-73.803
ALI;00055;27.741;-98.027
AMA;01100;35.219;-101.706
ANB;00187;33.588;-85.858
AND;00239;34.495;-82.709
AOO;00459;40.296;-78.320
APG;00018;39.466;-76.169
ARA;00008;30.038;-91.884
ART;00100;43.992;-76.022
ATL;00313;33.640;-84.427
AUG;00108;44.321;-69.797
AUS;00166;30.194;-97.670
BAB;00035;39.136;-121.436
BAD;00051;32.502;-93.663
BCT;00004;26.378;-80.107
BDE;00332;48.728;-94.612
BDL;00053;41.939;-72.683
BDR;00003;41.163;-73.126
BED;00041;42.470;-71.289
BFI;00006;47.530;-122.302
BFL;00155;35.433;-119.057
BFM;00008;30.626;-88.068
BGR;00059;44.807;-68.828
BHM;00197;33.563;-86.753
BIF;01203;31.849;-106.380
BIX;00011;30.411;-88.924
BKF;01726;39.702;-104.751
BLI;00052;48.792;-122.537
BLV;00140;38.545;-89.835
BNA;00183;36.124;-86.678
BOI;00876;43.564;-116.223
BOS;00006;42.364;-71.005
BPT;00005;29.951;-94.021
BRO;00007;25.907;-97.426
BTR;00022;30.533;-91.149
BTV;00103;44.472;-73.153
BUF;00221;42.940;-78.732
BUR;00238;34.201;-118.359
BWI;00045;39.175;-76.668
BYH;00077;35.964;-89.943
BYS;00717;35.280;-116.630
CAE;00072;33.939;-81.119
CAR;00191;46.871;-68.018
CBM;00067;33.644;-88.444
CDC;01714;37.701;-113.099
CDS;00596;34.434;-100.288
CEF;00075;42.198;-72.534
CEW;00065;30.779;-86.522
CFD;00112;30.716;-96.331
CHA;00208;35.035;-85.204
CHS;00014;32.899;-80.040
CIC;00073;39.795;-121.858
CLE;00242;41.412;-81.850
CLL;00098;30.588;-96.364
CLT;00229;35.214;-80.943
CMH;00249;39.998;-82.892
CNM;01005;32.337;-104.263
CNW;00144;31.638;-97.074
COF;00003;28.235;-80.610
COS;01885;38.806;-104.700
COT;00146;28.458;-99.220
COU;00271;38.818;-92.219
CPR;01631;42.908;-106.464
CRP;00014;27.770;-97.501
CTB;01175;48.608;-112.376
CVG;00274;39.046;-84.662
CVS;01310;34.383;-103.322
CXL;00002;32.669;-115.513
CXO;00075;30.352;-95.414
CYS;01877;41.156;-104.812
DAL;00149;32.847;-96.852
DAY;00308;39.902;-84.219
DCA;00005;38.852;-77.037
DEN;01656;39.858;-104.667
DET;00191;42.409;-83.010
DFW;00184;32.896;-97.037
DHN;00123;31.321;-85.449
DHT;01217;36.023;-102.547
DLF;00330;29.359;-100.778
DLH;00436;46.842;-92.194
DMA;00825;32.166;-110.883
DOV;00010;39.130;-75.466
DPA;00232;41.908;-88.249
DRI;00063;30.832;-93.340
DRO;02038;37.151;-107.754
DRT;00305;29.373;-100.926
DSM;00292;41.534;-93.663
DTW;00197;42.212;-83.353
DUG;01267;31.469;-109.604
DYS;00546;32.421;-99.854
ECG;00004;36.261;-76.174
EDW;00702;34.905;-117.884
EFD;00010;29.607;-95.159
EGP;00246;28.700;-100.479
EKN;00606;38.889;-79.857
ELD;00085;33.221;-92.813
ELP;01207;31.807;-106.378
END;00399;36.340;-97.916
ENV;01291;40.719;-114.031
ESF;00035;31.395;-92.296
EWN;00006;35.073;-77.043
EWR;00006;40.692;-74.169
EYW;00001;24.556;-81.759
FAF;00004;37.133;-76.609
FAT;00103;36.776;-119.718
FCS;01780;38.678;-104.756
FFO;00251;39.826;-84.048
FHU;01439;31.588;-110.344
FLL;00003;26.072;-80.153
FLO;00045;34.185;-79.724
FLV;00236;39.368;-94.914
FMH;00040;41.658;-70.521
FMN;01679;36.741;-108.230
FMY;00006;26.586;-81.863
FOD;00353;42.551;-94.193
FOE;00329;38.951;-95.664
FOK;00021;40.844;-72.632
FRI;00325;39.055;-96.764
FSI;00363;34.650;-98.402
FSM;00143;35.336;-94.367
FTK;00231;37.907;-85.972
FTW;00217;32.820;-97.362
FXE;00005;26.197;-80.171
FYV;00382;36.005;-94.170
GAG;00678;36.295;-99.776
GCK;00881;37.927;-100.724
GEG;00723;47.620;-117.534
GFK;00258;47.949;-97.176
GGG;00112;32.385;-94.711
GLS;00002;29.265;-94.860
GNT;01988;35.165;-107.901
GNV;00047;29.690;-82.272
GRB;00212;44.485;-88.129
GRF;00093;47.079;-122.581
GRK;00311;31.067;-97.829
GRR;00242;42.881;-85.523
GSB;00034;35.339;-77.961
GTB;00211;44.056;-75.719
GTF;01121;47.482;-111.371
GUS;00248;40.648;-86.152
GVT;00164;33.068;-96.065
GVW;00333;38.843;-94.561
GWO;00050;33.494;-90.084
HBR;00477;34.991;-99.051
HFD;00006;41.736;-72.650
HHR;00021;33.923;-118.335
HIB;00413;47.386;-92.839
HIF;01460;41.124;-111.973
HKY;00363;35.741;-81.389
HLN;01182;46.607;-111.983
HLR;00282;31.139;-97.714
HMN;01248;32.852;-106.106
HOB;01116;32.688;-103.217
HON;00393;44.385;-98.228
HOP;00175;36.668;-87.496
HOU;00015;29.645;-95.279
HPN;00134;41.067;-73.707
HRL;00011;26.228;-97.654
HRO;00417;36.261;-93.155
HRT;00012;30.428;-86.689
HST;00003;25.488;-80.384
HTL;00351;44.360;-84.671
HUA;00209;34.679;-86.685
HUF;00180;39.451;-87.307
HUL;00150;46.123;-67.792
HVR;00790;48.543;-109.762
HWO;00003;26.001;-80.240
IAB;00418;37.623;-97.267
IAD;00096;38.944;-77.456
IAG;00180;43.107;-78.946
IAH;00030;29.980;-95.340
ICT;00407;37.650;-97.433
IKK;00193;41.071;-87.846
ABQ;01633;35.040;-106.609
ILG;00025;39.679;-75.606
ILM;00010;34.271;-77.903
IND;00243;39.717;-86.294
INK;00860;31.779;-103.201
INL;00362;48.566;-93.403
INS;00955;36.587;-115.673
INT;00296;36.134;-80.222
IPL;-0017;32.834;-115.579
IPT;00162;41.242;-76.921
ISN;00605;48.178;-103.642
ISP;00031;40.795;-73.100
JAN;00106;32.311;-90.076
JAX;00010;30.494;-81.688
JBR;00080;35.832;-90.646
JFK;00004;40.640;-73.779
LAN;00263;42.779;-84.587
LAS;00665;36.080;-115.152
LAX;00039;33.942;-118.408
LBB;01001;33.664;-101.823
LCH;00005;30.126;-93.223
LCK;00227;39.814;-82.928
LFI;00004;37.083;-76.360
LFK;00091;31.234;-94.750
LFT;00013;30.205;-91.987
LGA;00007;40.777;-73.872
LGB;00019;33.818;-118.151
LHW;00015;31.889;-81.562
LIT;00080;34.729;-92.224
LNA;00005;26.593;-80.085
LNK;00372;40.851;-96.759
LOU;00167;38.228;-85.664
LRD;00155;27.544;-99.461
LRF;00095;34.918;-92.146
LSF;00071;32.337;-84.991
LSV;00570;36.236;-115.034
LTS;00422;34.667;-99.267
LUF;00331;33.535;-112.383
LUK;00148;39.103;-84.419
MAF;00876;31.942;-102.202
MCC;00023;38.667;-121.401
MCF;00005;27.849;-82.521
MCI;00313;39.297;-94.714
MCN;00108;32.693;-83.649
MCO;00030;28.429;-81.316
MDT;00095;40.193;-76.763
MDW;00189;41.786;-87.752
MEM;00104;35.042;-89.977
MER;00058;37.380;-120.568
MFE;00033;26.176;-98.239
MGE;00326;33.915;-84.516
MHR;00030;38.554;-121.297
MIA;00003;25.793;-80.291
MIB;00509;48.416;-101.357
MIV;00026;39.368;-75.072
MKE;00221;42.947;-87.896
MKL;00133;35.600;-88.916
MKO;00186;35.657;-95.361
MLB;00011;28.103;-80.645
MLC;00235;34.882;-95.783
MLT;00125;45.648;-68.686
MLU;00025;32.511;-92.037
MMV;00050;45.194;-123.136
MNM;00191;45.126;-87.638
MOB;00067;30.691;-88.243
MOD;00030;37.626;-120.954
MOT;00519;48.259;-101.280
MPV;00356;44.203;-72.562
MQT;00433;46.534;-87.562
MSN;00271;43.140;-89.337
MSP;00257;44.880;-93.217
MSS;00066;44.936;-74.845
MSY;00002;29.993;-90.258
MTC;00177;42.613;-82.832
MUI;00150;40.435;-76.569
MUO;00914;43.043;-115.872
MWH;00362;47.208;-119.320
MWL;00297;32.781;-98.060
MXF;00053;32.379;-86.362
MYR;00008;33.680;-78.928
NBC;00011;32.477;-80.723
NBG;00001;29.825;-90.035
NCA;00008;34.708;-77.439
NEL;00032;40.033;-74.353
NFL;01200;39.416;-118.701
NGU;00005;36.938;-76.289
NHK;00012;38.286;-76.412
NID;00696;35.688;-117.691
NIP;00007;30.236;-81.681
NJK;-0013;32.829;-115.672
NKT;00009;34.902;-76.881
NKX;00146;32.868;-117.143
NLC;00072;36.333;-119.952
NMM;00097;32.552;-88.556
NOW;00004;48.141;-123.414
NPA;00009;30.353;-87.319
NQA;00098;35.357;-89.870
NQI;00016;27.507;-97.810
NQX;00002;24.576;-81.689
NSE;00061;30.724;-87.022
NTD;00004;34.120;-119.121
NTK;00017;33.706;-117.827
NTU;00007;36.821;-76.033
NUQ;00010;37.415;-122.048
NUW;00015;48.352;-122.656
NXP;00623;34.296;-116.162
NXX;00111;40.200;-75.148
NYG;00004;38.502;-77.305
NZC;00025;30.219;-81.876
NZY;00008;32.699;-117.215
OAK;00002;37.721;-122.221
OFF;00321;41.118;-95.913
OGS;00091;44.682;-75.466
OKC;00395;35.393;-97.601
OLS;01206;31.418;-110.848
OMA;00300;41.302;-95.894
ONT;00288;34.056;-117.601
OPF;00003;25.907;-80.278
ORD;00204;41.979;-87.904
ORF;00008;36.894;-76.201
ORL;00035;28.545;-81.333
PAE;00185;47.906;-122.281
PAM;00006;30.070;-85.576
PBF;00063;34.175;-91.934
PBG;00072;44.651;-73.468
PBI;00006;26.683;-80.096
PDX;00010;45.589;-122.597
PHF;00014;37.132;-76.493
PHL;00012;39.872;-75.241
PHN;00199;42.911;-82.529
PHX;00346;33.434;-112.008
PIE;00004;27.911;-82.687
PIT;00367;40.491;-80.233
PMD;00776;34.629;-118.084
PNC;00307;36.731;-97.100
PNE;00037;40.082;-75.011
PNM;00299;45.560;-93.608
PNS;00037;30.473;-87.187
POB;00067;35.171;-79.014
POE;00101;31.045;-93.191
PQI;00163;46.689;-68.045
PRC;01538;34.654;-112.419
PSP;00145;33.829;-116.507
PSX;00005;28.727;-96.251
PUB;01441;38.289;-104.496
PVD;00017;41.724;-71.428
PWM;00023;43.646;-70.309
RAL;00250;33.952;-117.445
RBM;00179;34.850;-92.300
RCA;01000;44.145;-103.103
RDR;00278;47.961;-97.401
RDU;00133;35.877;-78.787
RIC;00051;37.505;-77.319
RIU;00043;38.489;-121.102
RIV;00468;33.881;-117.259
RME;00154;43.234;-75.407
RND;00233;29.529;-98.279
RNO;01345;39.498;-119.768
ROC;00171;43.119;-77.672
ROW;01119;33.301;-104.531
RSW;00010;26.536;-81.755
SAC;00008;38.513;-121.493
SAF;01935;35.617;-106.088
SAN;00005;32.733;-117.189
SAT;00247;29.534;-98.470
SAV;00016;32.127;-81.202
SBO;00100;32.608;-82.369
SBY;00016;38.340;-75.510
SCK;00010;37.894;-121.239
SEA;00131;47.449;-122.309
SEM;00051;32.344;-86.988
SFF;00596;47.683;-117.322
SFO;00004;37.619;-122.375
SFZ;00135;41.921;-71.491
SHV;00079;32.446;-93.826
SJC;00018;37.362;-121.929
SJT;00585;31.358;-100.496
SKA;00751;47.615;-117.656
SKF;00211;29.384;-98.581
SKY;00177;41.433;-82.652
SLC;01289;40.788;-111.978
SMF;00009;38.695;-121.591
SNA;00018;33.676;-117.868
SPB;00018;45.773;-122.862
SPG;00003;27.765;-82.627
SPS;00311;33.989;-98.492
SSC;00074;33.973;-80.473
STL;00185;38.748;-90.360
SUU;00019;38.263;-121.927
SUX;00335;42.402;-96.384
SVN;00013;32.010;-81.146
SWF;00150;41.504;-74.105
SYR;00129;43.111;-76.106
SZL;00266;38.730;-93.548
TBN;00354;37.741;-92.141
TCC;01240;35.183;-103.603
TCM;00099;47.138;-122.476
TCS;01480;33.237;-107.272
TEB;00003;40.850;-74.061
TIK;00394;35.415;-97.386
TLH;00025;30.396;-84.350
TMB;00003;25.648;-80.433
TNT;00004;25.862;-80.897
TPA;00008;27.975;-82.533
TTN;00065;40.277;-74.813
TUL;00207;36.198;-95.888
TUS;00806;32.116;-110.941
TXK;00119;33.454;-93.991
TYR;00166;32.354;-95.402
TYS;00300;35.812;-83.993
UGN;00222;42.422;-87.868
VAD;00072;30.968;-83.193
VBG;00112;34.729;-120.577
VCV;00880;34.593;-117.379
VPS;00027;30.483;-86.525
VRB;00008;27.656;-80.418
WAL;00013;37.940;-75.466
WRB;00090;32.640;-83.592
WRI;00041;40.016;-74.594
WSD;01200;32.341;-106.403
WWD;00008;39.008;-74.908
YIP;00219;42.238;-83.530
YNG;00365;41.261;-80.679
YUM;00065;32.656;-114.606
ZUN;01968;35.083;-108.792
TIA;00039;41.415;19.721
BOJ;00042;42.569;27.514
GOZ;00087;43.151;25.713
PDV;00182;42.068;24.851
SOF;00531;42.695;23.406
VAR;00071;43.232;27.825
LCA;00003;34.875;33.625
PFO;00013;34.718;32.486
AKT;00024;34.590;32.988
DBV;00161;42.561;18.268
OSI;00089;45.463;18.811
PUY;00085;44.893;13.922
RJK;00085;45.217;14.570
SPU;00025;43.539;16.298
ZAG;00107;45.743;16.069
ZAD;00089;44.108;15.347
ALC;00044;38.282;-0.558
LEI;00022;36.844;-2.370
OVD;00127;43.563;-6.034
ODB;00091;37.842;-4.849
BIO;00043;43.301;-2.911
BCN;00004;41.297;2.078
BJZ;00186;38.891;-6.821
LCG;00101;43.302;-8.377
GRX;00701;37.133;-3.636
GRO;00143;41.901;2.760
GRX;00567;37.189;-3.777
IBZ;00007;38.873;1.373
XRY;00029;36.744;-6.060
MJV;00004;37.775;-0.812
MAD;00610;40.472;-3.561
AGP;00016;36.674;-4.499
MAH;00091;39.863;4.219
OZP;00087;37.175;-5.616
PMI;00003;39.550;2.733
PNA;00459;42.770;-1.646
REU;00072;41.147;1.167
SLM;00791;40.952;-5.502
EAS;00005;43.356;-1.791
SCQ;00370;42.896;-8.415
LEU;00801;42.339;1.409
TOJ;00608;40.487;-3.458
VLC;00069;39.489;-0.481
VLL;00846;41.706;-4.852
VIT;00513;42.883;-2.724
VGO;00261;42.232;-8.627
SDR;00005;43.427;-3.820
ZAZ;00264;41.666;-1.041
SVQ;00034;37.418;-5.893
CQF;00004;50.962;1.955
LTQ;00011;50.515;1.627
AGF;00063;44.175;0.591
BOD;00050;44.828;-0.716
EGC;00053;44.825;0.519
CNG;00032;45.658;-0.318
PIS;00129;46.588;0.307
MCU;00417;46.224;2.363
LIG;00396;45.863;1.179
NIT;00062;46.311;-0.401
TLS;00153;43.629;1.364
PUF;00188;43.380;-0.419
LRH;00190;43.449;1.263
LDE;00385;43.179;-0.006
ANG;00133;45.729;0.221
BVE;00116;45.151;1.469
PGX;00100;45.198;0.816
BIQ;00075;43.468;-1.523
XAC;00015;44.596;-1.111
LBI;00172;43.914;2.113
DCM;00241;43.556;2.289
RDZ;00581;44.408;2.482
RYN;00022;45.628;-0.973
RCO;00018;45.888;-0.983
CMR;00192;48.110;7.359
DLE;00197;47.039;5.427
OBS;00282;44.544;4.372
LPY;00833;45.079;3.765
XBK;00262;46.201;5.292
XVF;00328;45.916;4.641
XMU;00279;46.534;3.424
ETZ;00266;48.982;6.254
BIA;00008;42.554;9.483
CLY;00064;42.531;8.793
FSC;00027;41.501;9.098
AJA;00006;41.924;8.803
SOZ;00009;41.924;9.406
AUF;00160;47.850;3.497
CMF;00238;45.638;5.880
CFE;00333;45.786;3.169
BOU;00162;47.058;2.370
XCD;00190;46.826;4.817
QNJ;00493;46.192;6.268
LYS;00251;45.726;5.091
QNX;00222;46.295;4.796
RNE;00338;46.058;4.001
NCY;00464;45.929;6.099
GNB;00397;45.363;5.329
MCU;00236;46.352;2.570
VAF;00161;44.921;4.970
VHY;00250;46.169;3.404
AUR;00639;44.891;2.422
CHR;00162;46.862;1.731
LYN;00201;45.728;4.945
QXB;00112;43.505;5.368
CEQ;00004;43.542;6.953
EBU;00404;45.540;4.296
CCF;00132;43.216;2.306
MRS;00023;43.436;5.214
NCE;00004;43.661;7.218
PGF;00044;42.740;2.871
CTT;00424;43.252;5.785
MPL;00006;43.576;3.963
BZR;00018;43.324;3.356
AVN;00038;43.907;4.902
MEN;01025;44.502;3.533
BVA;00110;49.454;2.113
LEH;00096;49.534;0.088
ORE;00126;47.988;1.761
URO;00157;49.384;1.175
TUF;00109;47.432;0.728
CET;00136;47.082;-0.877
LVA;00100;48.031;-0.743
LBG;00067;48.969;2.441
CSF;00089;49.253;2.519
CDG;00120;49.013;2.550
TNF;00164;48.752;2.106
ORY;00089;48.725;2.359
POX;00100;49.096;2.041
QYR;00119;48.323;4.018
NVS;00184;47.001;3.114
LIL;00048;50.562;3.089
BES;00100;48.448;-4.418
CER;00140;49.650;-1.470
DNR;00067;48.588;-2.080
DOL;00146;49.365;0.154
LRT;00052;47.761;-3.440
EDM;00092;46.702;-1.379
CFR;00079;49.173;-0.450
LME;00060;47.949;0.202
RNS;00038;48.069;-1.735
LAI;00089;48.754;-3.471
UIP;00091;47.975;-4.168
NTE;00028;47.153;-1.611
SBK;00139;48.538;-2.854
MXN;00083;48.603;-3.816
VNE;00135;47.723;-2.718
SNR;00004;47.312;-2.149
MLH;00270;47.589;7.530
DIJ;00222;47.269;5.090
MZM;00192;49.072;6.132
EPL;00331;48.325;6.070
ENC;00229;48.692;6.230
RHE;00096;49.310;4.050
SXB;00154;48.538;7.628
TLN;00003;43.097;6.146
FNI;00095;43.757;4.416
FSP;00009;46.763;-56.175
PYR;00017;37.921;21.293
AGQ;00030;38.602;21.351
AXD;00008;40.856;25.956
HEW;00021;37.888;23.732
VOL;00025;39.219;22.794
JKH;00006;38.343;26.141
IOA;00477;39.696;20.822
HER;00036;35.339;25.180
KSO;00666;40.449;21.276
KIT;00318;36.274;23.017
EFL;00019;38.120;20.501
KLX;00009;37.068;22.026
KGS;00125;36.793;27.092
AOK;00021;35.421;27.146
CFU;00002;39.602;19.912
KSJ;00011;35.421;26.910
KVA;00006;40.913;24.619
KZI;00634;40.286;21.841
LRS;00011;37.185;26.800
LXS;00005;39.917;25.236
LRA;00074;39.650;22.465
JMK;00124;37.435;25.348
MJT;00018;39.057;26.598
PVK;00004;38.925;20.765
RHO;00006;36.405;28.086
GPA;00015;38.151;21.426
CHQ;00150;35.532;24.149
JSI;00016;39.177;23.504
SMI;00007;37.690;26.912
JTR;00040;36.400;25.479
JSH;00013;35.214;26.098
SKU;00015;38.968;24.487
SKG;00007;40.520;22.971
ZTH;00005;37.750;20.882
BUD;00151;47.437;19.256
DEB;00111;47.489;21.615
CRV;00159;38.997;17.080
BRI;00054;41.138;16.761
FOG;00082;41.433;15.535
TAR;00066;40.516;17.402
LCC;00049;40.239;18.133
PSR;00015;42.431;14.181
BDS;00015;40.657;17.947
SUF;00013;38.906;16.242
CTA;00013;37.467;15.066
LMP;00022;35.498;12.618
PNL;00194;36.816;11.969
PMO;00020;38.176;13.091
PMO;00106;38.111;13.313
REG;00029;38.071;15.651
TPS;00008;37.913;12.488
NSY;00025;37.401;14.922
AHO;00027;40.632;8.291
DCI;00031;39.354;8.972
CAG;00004;39.251;9.054
OLB;00012;40.899;9.518
TTB;00007;39.919;9.683
MXP;00234;45.631;8.728
BGY;00238;45.674;9.704
TRN;00302;45.201;7.649
ALL;00046;44.051;8.127
GOA;00004;44.412;8.842
LIN;00108;45.445;9.277
PMF;00050;44.824;10.296
QPZ;00139;44.913;9.723
CUF;00387;44.546;7.622
AVB;00126;46.032;12.596
BZO;00239;46.461;11.326
BLQ;00038;44.534;11.290
TSF;00018;45.649;12.195
FRL;00030;44.195;12.070
VBS;00109;45.429;10.331
TRS;00012;45.828;13.466
RMI;00013;44.020;12.612
VIC;00040;45.574;11.531
QPA;00014;45.396;11.848
VRN;00073;45.396;10.888
VCE;00003;45.505;12.352
SAY;00195;43.257;11.254
CIA;00131;41.799;12.595
FCO;00004;41.813;12.253
EBA;00010;42.760;10.239
QLT;00029;41.542;12.909
NAP;00091;40.886;14.291
PSA;00003;43.684;10.393
FLR;00044;43.810;11.205
GRS;00005;42.761;11.072
PEG;00212;43.096;12.513
LJU;00389;46.224;14.457
MBX;00268;46.480;15.686
POW;00003;45.473;13.615
KLV;00607;50.203;12.915
OSR;00258;49.696;18.111
PED;00226;50.013;15.739
PRV;00207;49.426;17.405
PRG;00381;50.101;14.260
BRQ;00237;49.151;16.694
TLV;00042;32.009;34.877
BEV;00200;31.287;34.723
ETH;00013;29.561;34.960
HFA;00009;32.811;35.044
RPN;00282;32.981;35.572
JRS;00232;31.867;35.217
MTZ;-0385;31.328;35.388
VDA;00455;29.940;34.936
SDV;00014;32.114;34.782
MLA;00092;35.857;14.478
GRZ;00106;47.000;15.433
INN;00581;47.260;11.344
KLU;00138;46.650;14.333
LNZ;00096;48.233;14.183
SZG;00431;47.793;13.004
VIE;00183;48.110;16.570
SMA;00094;36.971;-25.171
BGC;00684;41.868;-6.712
FLW;00035;39.455;-31.131
FAO;00008;37.014;-7.966
GRW;00027;39.092;-28.030
HOR;00036;38.520;-28.716
TER;00055;38.764;-27.093
PDL;00079;37.741;-25.698
PIX;00034;38.554;-28.440
OPO;00070;41.248;-8.681
PXO;00104;33.073;-16.350
LIS;00114;38.781;-9.136
SJZ;00095;38.665;-28.176
VRL;00551;41.274;-7.720
OMO;00048;43.283;17.846
SJJ;00521;43.824;18.331
ARW;00108;46.176;21.262
BCM;00186;46.522;26.910
BAY;00185;47.658;23.470
BBU;00091;44.503;26.102
CND;00108;44.362;28.488
CLJ;00316;46.785;23.686
CSB;00264;45.420;22.253
CRA;00191;44.318;23.889
IAS;00122;47.179;27.620
OMR;00142;47.025;21.902
OTP;00096;44.574;26.103
SBZ;00456;45.786;24.091
SUJ;00127;47.703;22.886
SCV;00420;47.688;26.354
TCE;00061;45.062;28.714
TGM;00294;46.468;24.412
TSR;00107;45.810;21.338
GVA;00431;46.238;6.109
SIR;00482;46.219;7.327
LUG;00279;46.004;8.911
BRN;00510;46.914;7.497
ZRH;00432;47.465;8.549
ACH;00399;47.485;9.561
SMV;01707;46.532;9.883
ESB;00953;40.128;32.995
ANK;00800;39.950;32.689
ADA;00020;36.982;35.280
ADA;00073;37.002;35.426
AFY;01009;38.726;30.601
AYT;00054;36.901;30.792
GZT;00706;36.948;37.479
KYA;01031;37.979;32.562
MZH;00545;40.829;35.522
SSX;00160;41.276;36.304
VAS;01596;39.814;36.903
MLX;00862;38.436;38.092
ASR;01069;38.770;35.495
DNZ;00852;37.785;29.701
IST;00050;40.977;28.821
BTZ;00101;40.232;29.009
BZI;00101;39.619;27.925
BDM;00051;40.318;27.977
ESK;00787;39.784;30.582
ADB;00126;38.292;27.157
IGL;00006;38.513;27.010
DLM;00007;36.713;28.793
EZS;00893;38.607;39.291
DIY;00687;37.894;40.201
ERC;01154;39.710;39.526
ERZ;01757;39.956;41.170
TZX;00032;40.995;39.790
VAN;01669;38.468;43.332
BAL;00556;37.929;41.116
KIV;00122;46.928;28.931
OHD;00706;41.180;20.742
SKP;00239;41.961;21.621
GIB;00005;36.151;-5.349
BEG;00103;44.818;20.309
TGD;00037;42.359;19.252
PRN;00546;42.573;21.036
TIV;00007;42.404;18.723
BTS;00133;48.170;17.212
KSC;00231;48.663;21.241
PZY;00167;48.625;17.828
SLD;00318;48.638;19.134
TAT;00719;49.073;20.241
NCA;00004;21.917;-71.939
PLS;00005;21.774;-72.266
XSC;00002;21.516;-71.528
BRX;00004;18.251;-71.120
HEX;00061;18.471;-69.969
LRM;00071;18.452;-68.912
PUJ;00013;18.567;-68.363
POP;00005;19.757;-70.570
SDQ;00018;18.429;-69.669
STI;00173;19.409;-70.616
CBV;01323;15.469;-90.407
GUA;01510;14.583;-90.528
LCE;00015;15.742;-86.853
SAP;00028;15.452;-87.923
GJA;00011;16.445;-85.906
PEU;00008;15.261;-83.781
RTB;00006;16.317;-86.522
TEA;00003;15.776;-87.476
TGU;01005;14.061;-87.217
OCJ;00028;18.404;-76.969
KIN;00004;17.936;-76.787
MBJ;00002;18.504;-77.913
POT;00007;18.199;-76.534
KTP;00005;17.988;-76.824
ACA;00005;16.757;-99.753
NTR;00449;25.866;-100.237
AGU;01863;21.705;-102.318
HUX;00143;15.775;-96.261
CVJ;01300;18.835;-99.262
CME;00004;18.654;-91.799
CUL;00033;24.764;-107.474
CTM;00015;18.504;-88.327
CEN;00075;27.392;-109.833
CPE;00010;19.817;-90.500
CJS;01172;31.636;-106.429
CUU;01361;28.703;-105.964
CVM;00239;23.704;-98.956
CZM;00005;20.522;-86.926
MMC;00104;22.740;-99.018
DGO;01860;24.124;-104.528
TPQ;00919;21.419;-104.843
ESE;00021;31.795;-116.602
GDL;01528;20.522;-103.311
GYM;00028;27.969;-110.925
TCN;01680;18.497;-97.420
HMO;00197;29.096;-111.048
CLQ;00723;19.277;-103.577
ISJ;00003;21.245;-86.740
SLW;01457;25.549;-100.929
LZC;00012;18.002;-102.220
LMM;00005;25.685;-109.081
BJX;01820;20.993;-101.481
LAP;00028;24.072;-110.362
LTO;00004;25.989;-111.348
MAM;00008;25.770;-97.525
MID;00011;20.937;-89.657
MXL;00022;32.631;-115.241
MLM;01834;19.850;-101.025
MTT;00011;18.103;-94.581
LOV;00566;26.956;-101.470
MEX;02230;19.436;-99.072
MTY;00388;25.778;-100.107
MZT;00012;23.161;-106.266
NOG;01217;31.226;-110.976
NLD;00149;27.444;-99.570
OAX;01528;17.000;-96.726
PAZ;00139;20.603;-97.461
PBC;02250;19.158;-98.371
PCA;02317;20.077;-98.782
PPE;00010;31.352;-113.526
PDS;00274;28.627;-100.535
UPN;01593;19.397;-102.039
PVR;00007;20.680;-105.254
PXM;00089;15.877;-97.089
QRO;01970;20.624;-100.369
REX;00040;26.009;-98.228
SJD;00110;23.152;-109.721
SLP;01851;22.254;-100.931
TXA;02509;19.536;-98.173
TRC;01126;25.568;-103.411
TGZ;01052;16.769;-93.341
TIJ;00153;32.541;-116.970
TAM;00025;22.296;-97.866
TSL;00050;22.038;-98.806
TLC;02578;19.337;-99.566
TAP;00036;14.794;-92.370
CUN;00007;21.036;-86.877
VSA;00014;17.997;-92.817
VER;00033;19.145;-96.187
ZCL;02141;22.897;-102.687
ZIH;00007;17.601;-101.460
ZMM;01567;20.045;-102.276
ZLO;00011;19.145;-104.559
BEF;00027;11.989;-83.774
MGA;00060;12.141;-86.168
PUZ;00016;14.047;-83.387
BOC;00004;9.341;-82.251
CHX;00006;9.459;-82.517
DAV;00028;8.391;-82.435
HOW;00016;8.914;-79.599
PAC;00010;8.973;-79.556
PTY;00042;9.071;-79.383
OTR;00008;8.601;-82.970
GLF;00015;8.654;-83.182
LIR;00083;10.593;-85.544
LIO;00003;9.958;-83.022
NOB;00001;9.976;-85.653
SJO;00921;9.994;-84.209
PMZ;00015;8.951;-83.468
XQP;00033;9.443;-84.130
SAL;00031;13.441;-89.056
CAP;00004;19.732;-72.195
PAP;00037;18.580;-72.293
BCA;00008;20.366;-74.506
BYM;00062;20.396;-76.621
AVI;00103;22.027;-78.789
CFG;00032;22.150;-80.414
CYO;00004;21.616;-81.546
CMW;00126;21.420;-77.847
SCU;00076;19.970;-75.836
GAO;00018;20.085;-75.158
HAV;00065;22.989;-82.409
HOG;00111;20.786;-76.315
LCL;00030;22.336;-83.642
MOA;00005;20.654;-74.922
MZO;00035;20.288;-77.089
GER;00025;21.835;-82.784
SNU;00104;22.492;-79.944
VRA;00065;23.034;-81.435
VTU;00100;20.988;-76.936
CYB;00003;19.687;-79.883
GCM;00003;19.293;-81.357
ASD;00002;24.698;-77.796
MHH;00004;26.511;-77.083
SAQ;00002;25.054;-78.049
AXP;00004;22.442;-73.971
TCB;00004;26.745;-77.391
CCZ;00002;25.417;-77.881
BIM;00004;25.700;-79.264
GGT;00003;23.563;-75.878
ELH;00002;25.476;-76.681
GHB;00005;25.284;-76.331
RSD;00004;24.892;-76.178
FPO;00003;26.559;-78.695
WTD;00002;26.686;-78.978
IGA;00003;20.975;-73.667
LGI;00003;23.179;-75.093
SML;00004;23.583;-75.269
MYG;00004;22.379;-73.013
NAS;00005;25.039;-77.466
ZSA;00007;24.063;-74.524
BZE;00005;17.539;-88.308
AIT;00007;-18.825;-159.774
RAR;00007;-21.203;-159.806
NAN;00018;-17.754;177.443
SUV;00006;-18.043;178.559
LMG;00014;-16.467;179.340
TBU;00039;-21.241;-175.150
HPA;00013;-19.777;-174.341
VAV;00072;-18.585;-173.963
FUN;00000;-8.517;179.217
TRW;00003;1.381;173.147
TBF;00003;-1.224;174.776
HUE;00064;-19.080;-169.926
WLS;00025;-13.238;-176.199
APW;00018;-13.830;-172.008
PPG;00010;-14.331;-170.710
RUR;00006;-22.434;-151.361
TUB;00003;-23.365;-149.524
AAA;00004;-17.353;-145.510
TIH;00002;-15.119;-148.231
REA;00004;-18.466;-136.439
FAV;00004;-16.054;-145.657
XMH;00005;-14.437;-146.070
GMR;00003;-23.080;-134.890
KKR;00004;-15.663;-146.885
MKP;00001;-16.585;-143.657
NAU;00003;-14.177;-141.267
PKP;00002;-14.809;-138.813
TKP;00004;-14.712;-145.253
AXR;00003;-15.248;-146.616
MVT;00004;-14.868;-148.717
TKX;00004;-14.456;-145.024
NHV;00068;-8.796;-140.229
BOB;00004;-16.444;-151.751
RGI;00004;-14.954;-147.661
HUH;00003;-16.687;-151.022
MOZ;00003;-17.490;-149.762
HOI;00004;-18.075;-140.946
MAU;00005;-16.426;-152.244
RFP;00001;-16.723;-151.466
VLI;00022;-17.699;168.320
KNQ;00008;-21.053;164.838
KOC;00013;-20.546;164.256
LIF;00029;-20.775;167.240
GEA;00004;-22.258;166.473
MEE;00043;-21.482;168.037
TOU;00004;-20.791;165.259
UVE;00008;-20.641;166.573
NOU;00016;-22.014;166.213
AKL;00008;-37.008;174.792
TUO;00407;-38.740;176.084
CHC;00038;-43.489;172.532
CHT;00014;-43.810;-176.457
DUD;00002;-45.928;170.198
GIS;00005;-38.663;177.978
MON;00556;-43.907;170.128
HKK;00045;-42.714;170.985
HLZ;00053;-37.866;175.332
KKE;00150;-35.263;173.912
KAT;00083;-35.070;173.285
ALR;00230;-45.212;169.373
GTN;00657;-43.765;170.133
TEU;00210;-45.533;167.650
MRO;00111;-40.973;175.634
NPL;00030;-39.009;174.179
NSN;00006;-41.298;173.221
IVC;00002;-46.412;168.313
OAM;00031;-44.970;171.082
PMR;00047;-40.321;175.617
PPQ;00007;-40.905;174.989
ZQN;00357;-45.021;168.739
ROT;00285;-38.109;176.317
TRG;00004;-37.672;176.196
TIU;00028;-44.303;171.225
BHE;00034;-41.518;173.870
WKA;00349;-44.725;169.243
WHK;00007;-37.921;176.914
WLG;00013;-41.327;174.805
WRE;00041;-35.768;174.365
WSZ;00004;-41.738;171.581
WAG;00009;-39.962;175.025
HEA;00978;34.210;62.228
JAA;00553;34.399;70.499
KBL;01792;34.566;69.212
KDH;01015;31.506;65.848
MMZ;00820;35.934;64.759
MZR;00392;36.707;67.209
UND;00435;36.665;68.911
BAH;00002;26.271;50.634
AHB;02091;18.240;42.656
LEA;00180;25.284;49.486
ABT;01673;20.296;41.634
BHH;01185;19.984;42.623
DMM;00022;26.471;49.798
DHA;00026;26.265;50.152
GIZ;00007;16.901;42.586
ELQ;00649;26.303;43.774
URY;00510;31.411;37.279
HAS;01016;27.438;41.686
JED;00015;21.679;39.156
HBT;00413;27.901;45.528
MED;00656;24.553;39.705
EAM;01214;17.611;44.419
AQI;00358;28.335;46.125
RAH;00450;29.626;43.491
RUH;00625;24.957;46.699
RAE;00553;30.907;41.138
SHW;00721;17.467;47.121
AJO;00690;29.785;40.100
SLF;00617;20.465;45.619
TUU;00778;28.365;36.619
TIF;01478;21.483;40.544
TUI;00855;31.692;38.731
EJH;00021;26.198;36.476
YNB;00008;24.144;38.063
ABD;00004;30.365;48.233
QMJ;00362;32.002;49.271
MRX;00003;30.556;49.152
AWZ;00020;31.337;48.762
BUZ;00022;28.945;50.834
KIH;00031;26.527;53.982
BDH;00027;26.532;54.822
KSH;01313;34.346;47.156
SDG;01408;35.247;47.007
RAS;-0012;37.325;49.606
THR;01208;35.689;51.313
BND;00007;27.218;56.378
KER;01749;30.261;56.957
XBJ;01537;32.896;59.276
RZR;-0022;36.910;50.679
SYZ;01500;29.539;52.589
TBZ;01360;38.133;46.235
AZD;01236;31.905;54.276
ZBR;00008;25.443;60.382
ZAH;01378;29.476;60.906
AMM;00730;31.722;35.993
ADJ;00779;31.972;35.991
AQJ;00054;29.611;35.018
OMF;00683;32.356;36.259
KWI;00063;29.227;47.980
BEY;00027;33.813;35.489
AUH;00027;24.433;54.651
AZI;00005;24.428;54.458
DXB;00011;25.255;55.364
FJR;00047;25.112;56.324
RKT;00032;25.613;55.939
SHJ;00034;25.328;55.517
KHS;00031;26.171;56.241
MSH;00020;20.675;58.890
MCT;00015;23.593;58.284
SLL;00023;17.039;54.091
TTH;00479;17.666;54.024
LYP;00181;31.365;72.995
GWD;00030;25.233;62.329
GIL;01458;35.919;74.334
KHI;00031;24.906;67.161
HDD;00040;25.318;68.366
LHE;00218;31.521;74.403
MFG;00831;34.338;73.508
MJD;00047;27.335;68.143
MUX;00123;30.203;71.419
WNS;00029;26.219;68.390
ORW;00019;25.273;64.588
PJG;01003;26.954;64.132
PSI;00011;25.284;63.333
PEW;00370;33.994;71.514
UET;01606;30.251;66.938
RYK;00083;28.385;70.280
ISB;00508;33.616;73.099
RAZ;01677;33.849;73.798
SKZ;00060;27.722;68.792
SDT;00971;34.813;72.352
SUL;00024;28.645;69.177
BDN;00016;24.841;68.838
TRB;00152;25.986;63.030
PZH;01418;31.358;69.463
SDA;00035;33.262;44.234
BSR;00004;30.549;47.662
ALP;00389;36.181;37.224
DAM;00616;33.411;36.516
DEZ;00214;35.285;40.176
LTK;00048;35.401;35.949
PMS;00403;34.557;38.317
DOH;00011;25.261;51.565
PAQ;00076;61.595;-149.089
BTI;00002;70.134;-143.577
BET;00038;60.780;-161.838
BIG;00390;63.994;-145.721
BRW;00014;71.285;-156.766
BTT;00196;66.915;-151.528
CDB;00030;55.206;-162.724
CDV;00013;60.492;-145.477
ADK;00007;51.878;-176.646
DLG;00027;59.045;-158.503
ADQ;00023;57.750;-152.494
DUT;00007;53.900;-166.543
EDF;00065;61.251;-149.806
EHM;00165;58.647;-162.061
EIL;00168;64.666;-147.101
ENA;00031;60.573;-151.245
FAI;00133;64.815;-147.856
FBK;00139;64.837;-147.614
GAL;00047;64.736;-156.937
GKN;00482;62.155;-145.456
SGY;00014;59.460;-135.316
HOM;00026;59.646;-151.476
ILI;00057;59.754;-154.911
UTO;00372;65.993;-153.704
JNU;00006;58.355;-134.576
AKN;00018;58.677;-156.649
KTN;00030;55.356;-131.714
LUR;00004;68.875;-166.110
MCG;00103;62.953;-155.606
MRI;00042;61.214;-149.846
ANC;00047;61.174;-149.996
ANN;00037;55.042;-131.572
OME;00012;64.512;-165.445
ORT;00524;62.961;-141.929
OTZ;00004;66.884;-162.598
PML;00005;59.011;-161.819
SCC;00019;70.195;-148.465
SIT;00008;57.047;-135.361
SNP;00020;57.167;-170.220
SVW;00484;61.097;-155.574
SYA;00030;52.712;174.114
TAL;00070;65.174;-152.109
TNC;00083;65.563;-167.922
TKA;00110;62.320;-150.094
TLJ;00294;62.894;-155.976
UNK;00007;63.888;-160.799
VDZ;00037;61.134;-146.248
AIN;00011;70.613;-159.860
YAK;00012;59.503;-139.660
CIS;00000;-2.767;0.000
FYU;00132;66.571;-145.250
ROP;00186;14.174;145.243
SPN;00066;15.119;145.729
UAM;00192;13.584;144.930
GUM;00091;13.484;144.797
TNI;00082;14.998;145.619
BKH;00005;22.022;-159.787
HDH;00005;21.579;-158.210
HNM;00024;20.796;-156.014
JHM;00079;20.963;-156.674
KOA;00015;19.739;-156.046
LIH;00047;21.976;-159.339
MKK;00139;21.153;-157.096
MUE;00815;20.001;-155.668
NGF;00006;21.449;-157.768
HNL;00004;21.316;-157.927
LNY;00399;20.786;-156.951
OGG;00017;20.899;-156.431
BSF;01887;19.760;-155.554
ITO;00012;19.720;-155.049
UPP;00030;20.265;-155.860
JON;00003;16.729;-169.534
1Z8;00004;11.341;162.328
MAJ;00002;7.065;171.272
KWA;00003;8.720;167.731
CXI;00002;1.986;-157.350
MDY;00004;28.201;-177.381
OLI;00005;70.499;-149.879
PIZ;00008;69.733;-163.005
TKK;00004;7.462;151.843
PNI;00004;6.985;158.209
ROR;00054;7.367;134.544
KSA;00004;5.357;162.958
YAP;00028;9.499;138.082
KNH;00029;24.432;118.359
PIF;00024;22.672;120.462
TTT;00044;22.757;121.093
GNI;00009;22.674;121.458
KHH;00010;22.575;120.351
CYI;00026;23.462;120.393
TXG;00113;24.186;120.654
KYD;00002;22.029;121.527
MZW;00013;26.224;120.002
TNN;00020;22.950;120.206
MZG;00032;23.569;119.628
TSA;00006;25.069;121.552
TPE;00033;25.080;121.232
WOT;00004;23.371;119.494
HUN;00016;24.023;121.618
NRT;00043;35.765;140.386
MMJ;00666;36.167;137.923
IWO;00116;24.784;141.322
SHM;00091;33.662;135.364
OBO;00154;42.733;143.217
CTS;00025;42.775;141.692
HKD;00047;41.770;140.822
SPK;00027;42.794;141.666
MMB;00042;43.881;144.164
SHB;00072;43.577;144.960
SPK;00008;43.116;141.380
WKJ;00010;45.404;141.801
IKI;00016;33.749;129.785
UBJ;00008;33.930;131.279
TSJ;00065;34.285;129.330
MBE;00025;44.304;143.404
AKJ;00220;43.671;142.447
RIS;00035;45.242;141.186
KUM;00038;30.386;130.659
FUJ;00084;32.666;128.833
FUK;00010;33.586;130.450
TNE;00098;30.547;130.950
KOJ;00277;31.803;130.719
KMI;00007;31.877;131.448
OIT;00006;33.479;131.737
KKJ;00006;33.836;130.947
KMJ;00196;32.837;130.855
NGS;00005;32.922;129.923
ASJ;00009;28.431;129.712
TKN;00006;27.836;128.881
KMQ;00011;36.394;136.408
NGO;00016;35.255;136.924
OKI;00095;36.181;133.325
TOY;00029;36.648;137.187
HIJ;00332;34.435;132.922
OKJ;00246;34.757;133.856
IZO;00005;35.414;132.890
YGJ;00007;35.492;133.236
KCZ;00010;33.544;133.671
MYJ;00008;33.827;132.700
ITM;00016;34.785;135.438
TTJ;00020;35.530;134.166
TKS;00008;34.133;134.606
TAK;00186;34.214;134.016
AOJ;00203;40.734;140.691
GAJ;00108;38.412;140.371
HNA;00091;39.431;141.136
AXT;00096;39.616;140.219
MSJ;00037;40.703;141.368
SDJ;00005;38.139;140.917
HAC;00093;33.115;139.786
OIM;00040;34.784;139.361
MMY;00021;34.072;139.560
HND;00011;35.552;139.779
OKO;00142;35.748;139.348
KWJ;00015;35.126;126.810
KUB;00009;35.904;126.616
RSU;00021;34.840;127.615
SHO;00031;38.148;128.601
KAG;00011;37.753;128.944
CJU;00036;33.511;126.493
PUS;00004;35.179;128.938
USN;00014;35.593;129.352
SSN;00029;37.446;127.114
OSN;00013;37.091;127.029
GMP;00018;37.558;126.791
KPO;00022;35.988;129.420
TAE;00036;35.894;128.659
YEC;00108;36.632;128.355
OKA;00004;26.196;127.646
DNA;00044;26.356;127.767
ISG;00029;24.344;124.187
UEO;00008;26.363;126.714
MMD;00051;25.846;131.263
MMY;00046;24.783;125.295
KTD;00025;25.948;131.321
SHI;00017;24.827;125.145
RNJ;00016;27.044;128.401
OGN;00022;24.467;122.978
MNL;00023;14.509;121.019
CEB;00058;7.165;124.210
CGY;00186;8.414;124.611
MNL;00009;7.617;124.059
LGP;00002;7.828;123.460
ZAM;00011;6.922;122.059
BAG;01296;16.375;120.619
TAC;00004;11.227;125.028
BCD;00008;10.643;122.929
DGT;00005;9.334;123.302
ILO;00009;10.713;122.545
KLO;00013;11.681;122.378
NOP;00010;10.308;123.979
PPS;00022;9.742;118.759
SJI;00008;10.766;121.932
COC;00035;-31.297;-57.996
GHU;00023;-33.006;-58.613
PRA;00075;-31.795;-60.480
ROS;00026;-32.903;-60.784
SFN;00018;-31.712;-60.812
AEP;00006;-34.559;-58.416
COR;00489;-31.324;-64.208
LPG;00022;-34.972;-57.894
MDZ;00705;-32.832;-68.793
LGS;01431;-35.484;-69.582
AFA;00753;-34.588;-68.403
CTC;00464;-28.596;-65.752
SDE;00200;-27.766;-64.310
IRJ;00438;-29.381;-66.796
TUC;00456;-26.841;-65.105
UAQ;00598;-31.571;-68.418
RCU;00421;-33.086;-64.261
VDR;00566;-31.941;-65.142
LUQ;00710;-33.273;-66.356
CNQ;00062;-27.445;-58.762
RES;00054;-27.450;-59.056
FMA;00060;-26.212;-58.228
IGR;00280;-25.738;-54.473
AOL;00071;-29.689;-57.152
PSS;00131;-27.386;-55.971
SLA;01243;-24.856;-65.486
JUJ;00921;-24.393;-65.098
ORA;00357;-23.153;-64.329
EHL;00346;-41.943;-71.532
CRD;00058;-45.785;-67.466
EMX;00719;-42.031;-71.170
EQS;00788;-42.908;-71.139
REL;00043;-43.210;-65.270
VDM;00007;-40.869;-63.000
PMY;00136;-42.759;-65.102
ING;00224;-50.335;-72.248
PUD;00082;-47.735;-65.904
RGA;00021;-53.777;-67.749
RGL;00019;-51.609;-69.313
USH;00032;-54.843;-68.296
ULA;00058;-49.307;-67.802
JSM;00734;-44.048;-70.459
RYO;00277;-51.606;-72.217
RZA;00111;-50.016;-68.579
BHI;00075;-38.725;-62.169
MDQ;00023;-37.934;-57.573
NQN;00274;-38.949;-68.156
RSA;00193;-36.588;-64.275
BRC;00847;-41.151;-71.157
TDL;00175;-37.237;-59.228
VLG;00011;-37.235;-57.029
CPC;00784;-40.075;-71.137
CDJ;00200;-8.348;-49.301
AQA;00712;-21.812;-48.133
AJU;00008;-10.984;-37.070
AFL;00289;-9.866;-56.106
ARU;00415;-21.141;-50.425
BEL;00017;-1.379;-48.476
BGX;00183;-31.390;-54.112
PLU;00790;-19.852;-43.950
BFH;00932;-25.405;-49.232
BSB;01061;-15.862;-47.913
BAU;00616;-22.345;-49.054
BVB;00085;2.846;-60.690
CAC;00754;-25.000;-53.501
CNF;00828;-19.634;-43.969
CGR;00559;-20.469;-54.672
XAP;00655;-27.134;-52.656
CLN;00173;-7.320;-47.459
CAW;00018;-21.698;-41.302
CMG;00141;-19.012;-57.673
CWB;00911;-25.528;-49.176
CRQ;00011;-17.652;-39.253
CXJ;00754;-29.197;-51.188
CGB;00188;-15.653;-56.117
CZS;00195;-7.600;-72.769
PPB;00451;-22.175;-51.424
MAO;00081;-3.039;-60.050
FRC;01004;-20.592;-47.383
IGU;00240;-25.596;-54.487
FLN;00006;-27.672;-48.548
FEN;00055;-3.855;-32.423
FOR;00025;-3.776;-38.532
GIG;00009;-22.809;-43.244
GYN;00747;-16.631;-49.222
GRU;00750;-23.432;-46.469
ATM;00113;-3.254;-52.254
IOS;00005;-14.816;-39.033
IPN;00239;-19.471;-42.488
IMP;00132;-5.531;-47.460
JDF;00912;-21.791;-43.387
JPA;00502;-7.270;-35.896
JOI;00005;-26.225;-48.797
VCP;00662;-23.008;-47.134
LIP;00476;-21.664;-49.730
LDB;00570;-23.334;-51.130
LAZ;00444;-13.262;-43.408
MAB;00109;-5.368;-49.138
MGF;00559;-23.440;-51.907
MOC;00668;-16.707;-43.819
MCZ;00118;-9.510;-35.793
MCP;00018;0.051;-51.072
NVT;00006;-26.880;-48.651
GEL;00322;-28.282;-54.169
NAT;00052;-5.911;-35.248
POA;00004;-29.994;-51.171
POO;01261;-21.843;-46.568
PFB;00725;-28.244;-52.326
PET;00018;-31.718;-52.328
PNZ;00385;-9.364;-40.564
PNB;00266;-10.719;-48.400
PMG;00658;-22.549;-55.703
PVH;00089;-8.709;-63.902
RBR;00194;-9.869;-67.894
REC;00011;-8.126;-34.923
RIG;00009;-32.083;-52.166
SDU;00004;-22.910;-43.163
RAO;00550;-21.134;-47.774
STU;00004;-22.932;-43.719
SJK;00647;-23.229;-45.861
SLZ;00055;-2.589;-44.236
STM;00088;-29.711;-53.688
CGH;00802;-23.627;-46.655
SJP;00544;-20.816;-49.406
SSZ;00004;-23.925;-46.288
SSA;00020;-12.911;-38.331
THE;00067;-5.060;-42.823
TFF;00057;-3.383;-64.724
TBT;00086;-4.256;-69.936
TUR;00253;-3.785;-49.719
PAV;00270;-9.401;-38.251
URG;00079;-29.782;-57.038
UDI;00944;-18.883;-48.226
UBA;00810;-19.765;-47.965
VAG;00923;-21.590;-45.473
BVH;00616;-12.694;-60.098
VIX;00004;-20.256;-40.289
QPS;00600;-21.985;-47.338
ZUD;00115;-41.906;-73.797
WAP;00278;-43.615;-71.807
ARI;00051;-18.348;-70.339
BBA;00525;-45.916;-71.689
CCH;00327;-46.582;-71.698
CJC;02291;-22.499;-68.904
PUQ;00043;-53.003;-70.855
GXQ;00311;-45.594;-72.106
IQQ;00048;-20.535;-70.181
SCL;00474;-33.393;-70.786
ANF;00139;-23.444;-70.445
LSQ;00114;-37.402;-72.426
CPO;00291;-27.296;-70.414
CCP;00008;-36.773;-73.063
IPC;00070;-27.165;-109.422
ZOS;00057;-40.611;-73.060
LSC;00147;-29.916;-71.191
ZCO;00093;-38.769;-72.636
PMC;00090;-41.439;-73.094
ULC;00512;-33.493;-70.698
WCH;00004;-42.933;-72.699
ZAL;00018;-39.650;-73.086
ATF;02573;-1.212;-78.574
OCC;00250;-0.463;-76.986
CUE;02525;-2.889;-78.984
GPS;00016;-0.454;-90.266
GYE;00005;-2.158;-79.884
LGQ;00298;0.092;-76.869
XMS;01001;-2.299;-78.121
MCH;00004;-3.269;-79.962
MEC;00014;-0.946;-80.678
PVO;00044;-1.041;-80.472
UIO;02813;-0.141;-78.488
SNC;00004;-2.205;-80.989
TPC;00245;-0.123;-76.337
TUA;02951;0.809;-77.708
ASU;00090;-25.240;-57.519
AXM;01219;4.454;-75.765
PUU;00248;0.505;-76.501
BGA;01188;7.126;-73.185
BOG;02549;4.701;-74.147
BAQ;00030;10.889;-74.781
BSC;00025;6.203;-77.394
BUN;00015;3.819;-76.990
CUC;00335;7.928;-72.511
COG;00066;5.072;-76.676
CTG;00002;10.442;-75.513
CLO;00964;3.543;-76.381
TCO;00003;1.814;-78.749
CZU;00147;9.332;-75.286
EJA;00126;7.024;-73.807
FLA;00245;1.590;-75.564
GPI;00050;2.570;-77.898
IBE;00950;4.421;-75.133
IPI;02977;0.862;-77.672
LET;00085;-4.193;-69.943
EOH;01506;6.220;-75.591
MGN;00055;9.283;-74.839
MTR;00011;8.824;-75.826
MVP;00208;1.254;-70.234
MZL;02095;5.030;-75.465
NVA;00439;2.950;-75.294
OCV;01174;8.315;-73.358
OTU;00610;7.010;-74.715
PCR;00050;6.184;-67.493
PEI;01346;4.813;-75.739
PPN;01734;2.454;-76.610
PSO;01802;1.396;-77.291
PVA;00004;13.357;-81.358
MDE;02143;6.164;-75.423
RCH;00014;11.526;-72.926
RVE;00214;6.958;-71.855
SJE;00185;2.579;-72.639
SMR;00007;11.119;-74.231
ADZ;00006;12.583;-81.711
SVI;00281;2.152;-74.766
TDA;00199;5.430;-71.658
TME;00321;6.451;-71.760
TRB;00003;8.074;-76.741
AUC;00122;7.069;-70.737
UIB;00063;5.691;-76.641
ULQ;00955;4.088;-76.235
VUP;00139;10.435;-73.249
VVC;00425;4.168;-73.614
APB;01415;-14.739;-68.411
BJO;00381;-22.769;-64.315
CAM;00798;-20.007;-63.527
CBB;02549;-17.421;-66.177
CIJ;00271;-11.040;-68.783
CEP;00498;-16.143;-62.026
GYA;00131;-10.822;-65.346
SJB;00140;-13.053;-64.662
LPB;04058;-16.513;-68.192
MGD;00142;-13.254;-64.063
POI;03936;-19.543;-65.724
PSZ;00135;-18.975;-57.821
RIB;00142;-11.010;-66.073
RBQ;00203;-14.428;-67.501
SRJ;00194;-14.857;-66.737
SRE;02905;-19.007;-65.289
TJA;01855;-21.556;-64.701
TDD;00156;-14.819;-64.918
VVI;00374;-17.645;-63.135
PBM;00018;5.453;-55.188
ORG;00004;5.811;-55.191
CAY;00008;4.820;-52.360
PCL;00157;-8.378;-74.574
CHM;00022;-9.151;-78.524
TGI;00613;-9.290;-76.006
CIX;00029;-6.787;-79.828
AYP;02718;-13.155;-74.204
ANS;03445;-13.706;-73.350
ATA;02750;-9.347;-77.598
LIM;00035;-12.022;-77.114
JJI;00350;-7.169;-76.728
JUL;03825;-15.467;-70.158
TBP;00026;-3.552;-80.381
YMS;00179;-5.894;-76.118
CHH;02529;-6.202;-77.856
IQT;00094;-3.785;-73.309
AQP;02593;-16.341;-71.583
TRU;00023;-8.085;-79.109
PIO;00012;-13.745;-76.220
TPP;00275;-6.509;-76.373
TCQ;00469;-18.053;-70.276
PEM;00201;-12.614;-69.229
PIU;00054;-5.206;-80.616
TYL;00086;-4.576;-81.254
CUZ;03311;-13.536;-71.939
MVD;00054;-34.789;-56.264
ATI;00125;-30.401;-56.508
CYR;00021;-34.456;-57.771
MLZ;00111;-32.338;-54.217
MVD;00033;-34.838;-56.030
PDP;00021;-34.914;-54.921
PDU;00054;-32.365;-58.061
RVY;00218;-30.974;-55.476
STY;00057;-31.440;-57.991
TAW;00135;-31.749;-55.926
AGV;00196;9.553;-69.238
AAO;00220;9.429;-64.471
BLA;00008;10.107;-64.689
BNS;00203;8.619;-70.221
BRM;00623;10.043;-69.358
CBL;00061;8.122;-63.537
CAJ;00442;6.232;-62.854
CUP;00011;10.660;-63.262
CZE;00016;11.415;-69.681
CUM;00005;10.450;-64.130
GUI;00013;10.574;-62.313
GUQ;00185;9.027;-69.755
LSP;00023;11.781;-70.152
LFR;00093;8.239;-72.271
MAR;00072;10.558;-71.728
MRD;01527;8.582;-71.161
PMV;00023;10.912;-63.966
CCS;00072;10.603;-66.991
MUN;00069;9.749;-63.152
PYH;00075;5.620;-67.606
PBL;00010;10.480;-68.073
PZO;00144;8.288;-62.760
SVZ;00400;7.852;-72.435
STD;00331;7.565;-72.035
SFH;00232;10.279;-68.755
SFD;00047;7.883;-67.444
SOM;00263;8.945;-64.151
STB;00010;8.974;-71.943
TUV;00005;9.089;-62.094
VLN;00431;10.158;-67.927
VLV;00628;9.341;-70.584
VDP;00125;9.222;-65.993
KAR;00488;5.865;-60.614
LTM;00107;3.373;-59.789
ANU;00019;17.137;-61.792
BGI;00052;13.074;-59.492
DCF;00004;15.337;-61.392
DOM;00023;15.547;-61.300
FDF;00005;14.591;-61.003
SFG;00003;18.100;-63.047
SBH;00016;17.900;-62.850
PTP;00011;16.265;-61.532
GND;00013;12.004;-61.786
STT;00008;18.337;-64.973
STX;00020;17.702;-64.798
BQN;00073;18.495;-67.129
FAJ;00020;18.309;-65.662
SIG;00004;18.457;-66.098
MAZ;00009;18.256;-67.148
NRR;00012;18.245;-65.643
PSE;00008;18.008;-66.563
SJU;00003;18.439;-66.002
SKB;00052;17.311;-62.719
SLU;00007;14.020;-60.993
UVF;00005;13.733;-60.953
AUA;00019;12.501;-70.015
BON;00007;12.131;-68.268
CUR;00010;12.189;-68.960
EUX;00040;17.496;-62.979
SXM;00004;18.041;-63.109
AXA;00032;18.205;-63.055
MNI;00032;33.587;-80.209
TAB;00011;11.149;-60.832
POS;00018;10.595;-61.337
EIS;00005;18.445;-64.543
CIW;00005;12.699;-61.342
MQS;00002;12.887;-61.180
SVD;00021;13.144;-61.211
ALA;00681;43.352;77.040
TSE;00356;51.022;71.467
FRU;00638;43.062;74.478
OSS;00893;40.609;72.793
CIT;00423;42.364;69.479
DZH;00381;47.708;67.733
URA;00039;51.152;51.546
PLX;00232;50.351;80.234
AKX;00225;50.245;57.203
KTQ;00182;53.206;63.551
BAK;00004;40.468;50.047
ADH;00310;34.804;-96.671
YKS;00100;62.093;129.771
EVN;00866;40.148;44.397
TBS;00495;41.669;44.955
SUI;00017;42.858;41.128
BQS;00196;50.422;127.410
KHV;00075;48.528;135.188
PVS;00022;64.380;-173.247
GDX;00175;59.910;150.717
PKC;00040;53.166;158.453
UUS;00018;46.889;142.717
VVO;00014;43.399;132.151
HTA;00692;52.026;113.305
BTK;00492;56.371;101.699
IKT;00510;52.267;104.395
UUD;00516;51.807;107.438
KBP;00131;50.345;30.895
DOK;00242;48.073;37.740
DNK;00147;48.357;35.102
SIP;00195;45.039;33.983
IEV;00179;50.402;30.452
LWO;00328;49.813;23.956
ODS;00053;46.427;30.678
LED;00025;59.800;30.265
MMK;00082;68.782;32.751
GME;00144;52.527;31.017
VTB;00047;55.167;30.133
KGD;00014;54.890;20.592
MHP;00229;53.864;27.539
MSQ;00204;53.882;28.031
ABA;00254;53.740;91.385
BAX;00256;53.364;83.542
KEJ;00264;55.270;86.107
OMS;00096;54.967;73.310
KRR;00036;45.035;39.172
MCX;00004;42.817;47.652
MRV;00321;44.225;43.082
STW;00453;45.109;42.113
ROV;00086;47.258;39.818
AER;00028;43.446;39.947
ASF;-0019;46.283;48.006
VOG;00147;48.782;44.345
CEK;00235;55.303;61.507
MQF;00436;53.393;58.760
NJC;00000;60.950;76.467
PEE;00124;57.917;56.026
SGC;00061;61.250;73.500
SVX;00233;56.741;60.804
TOX;00372;37.132;-92.084
KRO;00077;55.475;65.415
ASB;00211;37.992;58.363
KRW;00000;40.033;52.983
DYU;00785;38.543;68.825
NCU;00049;42.486;59.623
BHK;00229;39.775;64.480
SKD;00678;39.701;66.985
TAS;00431;41.257;69.282
BZK;00203;53.214;34.176
SVO;00193;55.972;37.415
KLD;00143;56.825;35.758
VOZ;00157;51.814;39.230
VKO;00210;55.591;37.261
SCW;00105;61.648;50.846
KZN;00127;55.608;49.277
REN;00118;51.796;55.457
PEZ;00132;28.954;-98.520
UFA;00137;54.557;55.874
KBY;00146;53.505;50.164
AMD;00058;23.075;72.632
AKD;00305;20.699;77.056
IXU;00583;19.863;75.398
BOM;00012;19.089;72.868
PAB;00275;21.989;82.111
BHJ;00082;23.288;69.670
IXG;00759;15.859;74.618
BDQ;00039;22.336;73.226
BHO;00524;23.285;77.337
BHU;00012;21.752;72.185
NMB;00011;20.435;72.844
GOI;00057;15.381;73.833
IDR;00564;22.722;75.801
JLR;00495;23.178;80.052
JGA;00022;22.466;70.011
IXY;00029;23.113;70.100
HJR;00218;24.819;79.919
KLH;00608;16.664;74.288
IXK;00050;21.317;70.270
NAG;00309;21.092;79.047
ISK;00598;19.962;73.807
PNQ;00592;18.582;73.919
PBD;00006;21.649;69.656
RAJ;00135;22.309;70.779
RPR;00318;21.180;81.739
SSE;00481;17.628;75.935
STV;00016;21.115;72.743
UDR;00510;24.617;73.913
CMB;00009;7.181;79.884
RML;00007;6.822;79.886
GOY;00046;7.337;81.626
JAF;00011;9.792;80.070
TRR;00002;8.539;81.181
PNH;00013;11.546;104.844
REP;00019;13.411;103.813
IXA;00015;23.889;91.241
AJL;00306;23.746;92.803
IXB;00126;26.681;88.328
RGH;00025;25.261;88.796
BBI;00040;20.244;85.818
CCU;00007;22.655;88.447
COH;00043;26.330;89.467
DBO;00259;23.834;86.425
YOP;00079;26.739;83.449
GAY;00115;24.748;84.943
IMF;00775;24.760;93.897
IXW;00145;22.812;86.168
JRH;00087;26.731;94.176
IXH;00025;24.308;92.007
IXS;00108;24.913;92.979
IXI;00101;27.291;94.097
MOH;00111;27.483;95.017
IXT;00157;28.066;95.336
PAT;00052;25.591;85.088
IXR;00655;23.315;85.321
RRK;00201;22.256;84.814
CXB;00004;21.452;91.964
CGP;00004;22.249;91.813
IRD;00014;24.152;89.049
JSR;00007;23.184;89.161
RJH;00017;24.437;88.616
SPD;00039;25.759;88.909
ZYL;00016;24.963;91.867
DAC;00009;23.843;90.398
HKG;00009;22.309;113.914
AGR;00168;27.156;77.961
IXD;00099;25.439;81.734
ATQ;00231;31.707;74.799
VNS;00081;25.452;82.859
KUU;01085;31.882;77.184
IXC;00309;30.673;76.788
DED;00551;30.187;78.180
DEL;00237;28.566;77.103
GWL;00189;26.294;78.228
JOH;00219;26.251;73.048
JAI;00385;26.824;75.810
JSA;00271;26.889;70.864
IXJ;00314;32.690;74.838
KNU;00125;26.441;80.363
KTU;00274;25.161;75.845
LUH;00255;30.854;75.951
IXL;03256;34.136;77.546
LKO;00123;26.761;80.886
IXP;00310;32.234;75.634
PGH;00233;29.033;79.474
SXR;01664;33.987;74.774
LPQ;00289;19.897;102.161
PKZ;00107;15.132;105.781
ZVK;00156;16.556;104.759
VTE;00172;17.988;102.563
MFM;00007;22.149;113.591
BWA;00110;27.506;83.416
KTM;01339;27.696;85.359
PKR;00827;28.200;83.981
SIF;00138;27.159;84.980
BIR;00072;26.483;87.264
AGX;00004;10.823;72.176
BLR;00889;12.950;77.668
VGA;00024;16.530;80.797
CJB;00403;11.031;77.044
CCJ;00101;11.136;75.955
CDP;00132;14.510;78.773
HYD;00531;17.452;78.461
IXM;00141;9.834;78.093
IXE;00102;12.960;74.893
MAA;00017;12.994;80.180
IXZ;00005;11.646;92.733
RJA;00045;17.109;81.818
TIR;00104;13.632;79.543
TRZ;00088;10.765;78.709
TRV;00005;8.482;76.918
PBH;02236;27.403;89.426
MLE;00002;4.192;73.529
BKK;00003;13.912;100.607
UTP;00018;12.680;101.005
LPT;00247;18.272;99.504
PRH;00164;18.132;100.164
HHQ;00019;12.634;99.951
PHS;00045;16.783;100.279
NAW;00006;6.520;101.743
PAN;00003;6.785;101.153
NST;00014;8.471;99.956
HKT;00025;8.113;98.317
HDY;00028;6.933;100.393
TST;00021;7.509;99.616
UTH;00177;17.386;102.788
SNO;00162;17.195;104.119
LOE;00263;17.439;101.722
NAK;00223;14.934;102.079
KOP;00138;17.412;104.777
DAD;00011;16.044;108.199
HAN;00012;21.222;105.806
NHA;00007;12.218;109.200
SGN;00011;10.820;106.662
HEH;01186;20.743;96.792
KET;00853;21.301;99.637
KYP;00007;19.427;93.534
LSH;00747;22.977;97.752
MDL;00092;21.702;95.978
MGZ;00023;12.443;98.621
MYT;00145;25.383;97.353
MOG;00572;20.517;99.257
PBU;00458;27.330;97.426
AKY;00009;20.133;92.872
SNW;00007;18.461;94.299
THL;00391;20.484;99.935
RGN;00034;16.907;96.133
UPG;00015;-5.062;119.554
KDI;00055;-4.082;122.417
BIK;00015;-1.190;136.108
NBX;00007;-3.368;135.496
TIM;00032;-4.528;136.887
DJJ;00089;-2.577;140.516
WMX;01550;-4.096;138.952
MKQ;00004;-8.520;140.418
GTO;00018;0.637;122.852
PLW;00087;-0.918;119.909
MDC;00083;1.549;124.926
PSJ;00054;-1.417;120.657
TTE;00015;0.832;127.381
LUW;00018;-1.039;122.772
AMQ;00011;-3.709;128.090
KNG;00005;-3.644;133.695
MKW;00005;-0.880;134.050
SOQ;00004;-0.926;131.120
BTU;00002;3.172;113.044
KCH;00028;1.485;110.346
MUR;00032;4.178;114.331
MYY;00017;4.325;113.988
SBW;00036;2.264;111.983
LDU;00014;5.032;118.324
BKI;00004;5.937;116.051
LBU;00031;5.301;115.250
TWU;00018;4.313;118.122
BWN;00023;4.946;114.928
SBG;00111;5.874;95.339
MLG;00527;-7.926;112.714
PKU;00032;0.461;101.444
DUM;00017;1.609;101.433
BDO;00741;-6.901;107.576
CBN;00028;-6.756;108.539
HLP;00030;-6.266;106.891
CGK;00011;-6.126;106.656
JOG;00107;-7.788;110.432
CXP;00022;-7.645;109.034
PCB;00061;-6.337;106.764
SRG;00004;-6.973;110.375
BTH;00039;1.121;104.119
TJQ;00050;-2.746;107.755
PGK;00033;-2.163;106.139
TNJ;00018;0.922;104.532
SIQ;00029;-0.479;104.579
GNS;00007;1.166;97.703
PDG;00003;-0.876;100.352
MES;00028;3.558;98.672
KTG;00015;-1.816;109.963
PNK;00004;-0.151;109.404
SQC;00030;0.064;111.475
DJB;00025;-1.638;103.644
BKS;00016;-3.864;102.341
PLM;00012;-2.898;104.701
RGT;00019;-0.353;102.335
BTJ;00020;5.523;95.420
AOR;00005;6.194;100.403
KBR;00005;6.166;102.294
KUA;00018;3.775;103.209
KTE;00006;4.537;103.426
IPH;00040;4.568;101.092
JHB;00037;1.641;103.669
KUL;00022;2.746;101.710
LGK;00009;6.330;99.729
MKZ;00011;2.263;102.251
TGG;00007;5.382;103.103
PEN;00004;5.297;100.277
BDJ;00021;-3.442;114.761
PKN;00023;-2.705;111.673
PKY;00025;-2.225;113.943
MOF;00036;-8.641;122.237
ENE;00015;-8.849;121.662
RTG;01070;-8.596;120.478
KOE;00103;-10.171;123.671
LBJ;00021;-8.486;119.889
BPN;00004;-1.268;116.894
TRK;00007;3.326;117.566
SRI;00011;-0.484;117.157
AMI;00016;-8.561;116.094
BMU;00022;-8.539;118.687
DPS;00005;-8.748;115.167
SWG;00005;-8.489;117.412
WGP;00012;-9.670;120.304
SUB;00003;-7.380;112.787
SOC;00129;-7.516;110.757
QPG;00020;1.360;103.909
XSP;00011;1.417;103.867
SIN;00007;1.356;103.987
ABM;00011;-10.951;142.459
ASP;00546;-23.807;133.902
BNE;00004;-27.384;153.118
OOL;00007;-28.164;153.505
CNS;00004;-16.886;145.755
CTL;00306;-26.413;146.262
ISA;00342;-20.664;139.489
MCY;00005;-26.603;153.091
MKY;00006;-21.172;149.180
PPP;00025;-20.495;148.552
ROK;00011;-23.382;150.475
TSV;00006;-19.253;146.765
WEI;00020;-12.679;141.925
AVV;00011;-38.039;144.469
ABX;00165;-36.068;146.958
MEB;00086;-37.728;144.902
HBA;00004;-42.836;147.510
LST;00172;-41.545;147.214
MBW;00016;-37.976;145.102
MEL;00133;-37.673;144.843
ADL;00007;-34.945;138.531
JAD;00031;-32.097;115.881
KTA;00009;-20.712;116.773
KGI;00367;-30.789;121.462
KNX;00045;-15.778;128.707
LEA;00006;-22.236;114.089
PHE;00011;-20.378;118.626
PER;00021;-31.940;115.967
UMR;00168;-31.144;136.817
BWU;00009;-33.924;150.988
CBR;00576;-35.308;149.194
CFS;00006;-30.321;153.116
CDU;00071;-34.040;150.687
DBO;00285;-32.217;148.575
NLK;00114;-29.041;167.939
RCM;00021;-33.601;150.781
SYD;00007;-33.946;151.177
TMW;00407;-31.084;150.847
WGA;00221;-35.165;147.466
PEK;00036;40.080;116.584
HLD;00662;49.205;119.825
TSN;00003;39.124;117.346
TYN;00785;37.747;112.629
CAN;00012;23.184;113.266
CSX;00067;28.189;113.219
KWL;00174;25.218;110.039
NNG;00129;22.608;108.172
SWA;00000;23.400;116.683
SZX;00004;22.639;113.812
CGO;00151;34.519;113.841
WUH;00036;30.784;114.208
FNJ;00012;39.033;125.783
ZGC;01948;36.517;103.622
XIY;00480;34.446;108.752
ULN;01331;47.843;106.766
KMG;01895;24.992;102.743
XMN;00018;24.544;118.127
KHN;00000;28.600;115.917
FOC;00015;25.933;119.662
HGH;00008;30.228;120.432
NGB;00004;29.825;121.465
NKG;00015;31.740;118.860
HFE;00029;31.780;117.298
TAO;00010;36.263;120.375
SHA;00004;31.198;121.336
YNT;00018;37.402;121.372
CKG;00417;29.719;106.641
CTU;00495;30.578;103.947
XIC;01559;27.989;102.184
KHG;01381;39.543;76.022
HTN;01425;37.038;79.866
URC;00649;43.907;87.474
HRB;00139;45.623;126.250
DLC;00033;38.966;121.538
